ARM GAS  C:\Users\SHUCHE~1\AppData\Local\Temp\ccVBdqL7.s 			page 1


   1              		.cpu cortex-m4
   2              		.arch armv7e-m
   3              		.fpu fpv4-sp-d16
   4              		.eabi_attribute 27, 1
   5              		.eabi_attribute 28, 1
   6              		.eabi_attribute 20, 1
   7              		.eabi_attribute 21, 1
   8              		.eabi_attribute 23, 3
   9              		.eabi_attribute 24, 1
  10              		.eabi_attribute 25, 1
  11              		.eabi_attribute 26, 1
  12              		.eabi_attribute 30, 1
  13              		.eabi_attribute 34, 1
  14              		.eabi_attribute 18, 4
  15              		.file	"stm32f3xx_hal_dac_ex.c"
  16              		.text
  17              	.Ltext0:
  18              		.cfi_sections	.debug_frame
  19              		.file 1 "Drivers/STM32F3xx_HAL_Driver/Src/stm32f3xx_hal_dac_ex.c"
  20              		.section	.text.DAC_DMAErrorCh1,"ax",%progbits
  21              		.align	1
  22              		.syntax unified
  23              		.thumb
  24              		.thumb_func
  26              	DAC_DMAErrorCh1:
  27              	.LVL0:
  28              	.LFB139:
   1:Drivers/STM32F3xx_HAL_Driver/Src/stm32f3xx_hal_dac_ex.c **** /**
   2:Drivers/STM32F3xx_HAL_Driver/Src/stm32f3xx_hal_dac_ex.c ****   ******************************************************************************
   3:Drivers/STM32F3xx_HAL_Driver/Src/stm32f3xx_hal_dac_ex.c ****   * @file    stm32f3xx_hal_dac_ex.c
   4:Drivers/STM32F3xx_HAL_Driver/Src/stm32f3xx_hal_dac_ex.c ****   * @author  MCD Application Team
   5:Drivers/STM32F3xx_HAL_Driver/Src/stm32f3xx_hal_dac_ex.c ****   * @brief   DACEx HAL module driver.
   6:Drivers/STM32F3xx_HAL_Driver/Src/stm32f3xx_hal_dac_ex.c ****   *          This file provides firmware functions to manage the extended 
   7:Drivers/STM32F3xx_HAL_Driver/Src/stm32f3xx_hal_dac_ex.c ****   *          functionalities of the DAC peripheral.  
   8:Drivers/STM32F3xx_HAL_Driver/Src/stm32f3xx_hal_dac_ex.c ****   *     
   9:Drivers/STM32F3xx_HAL_Driver/Src/stm32f3xx_hal_dac_ex.c ****   *
  10:Drivers/STM32F3xx_HAL_Driver/Src/stm32f3xx_hal_dac_ex.c ****   ******************************************************************************
  11:Drivers/STM32F3xx_HAL_Driver/Src/stm32f3xx_hal_dac_ex.c ****   * @attention
  12:Drivers/STM32F3xx_HAL_Driver/Src/stm32f3xx_hal_dac_ex.c ****   *
  13:Drivers/STM32F3xx_HAL_Driver/Src/stm32f3xx_hal_dac_ex.c ****   * Copyright (c) 2016 STMicroelectronics.
  14:Drivers/STM32F3xx_HAL_Driver/Src/stm32f3xx_hal_dac_ex.c ****   * All rights reserved.
  15:Drivers/STM32F3xx_HAL_Driver/Src/stm32f3xx_hal_dac_ex.c ****   *
  16:Drivers/STM32F3xx_HAL_Driver/Src/stm32f3xx_hal_dac_ex.c ****   * This software is licensed under terms that can be found in the LICENSE file
  17:Drivers/STM32F3xx_HAL_Driver/Src/stm32f3xx_hal_dac_ex.c ****   * in the root directory of this software component.
  18:Drivers/STM32F3xx_HAL_Driver/Src/stm32f3xx_hal_dac_ex.c ****   * If no LICENSE file comes with this software, it is provided AS-IS.
  19:Drivers/STM32F3xx_HAL_Driver/Src/stm32f3xx_hal_dac_ex.c ****   *
  20:Drivers/STM32F3xx_HAL_Driver/Src/stm32f3xx_hal_dac_ex.c ****   ******************************************************************************
  21:Drivers/STM32F3xx_HAL_Driver/Src/stm32f3xx_hal_dac_ex.c ****   @verbatim   
  22:Drivers/STM32F3xx_HAL_Driver/Src/stm32f3xx_hal_dac_ex.c ****   ==============================================================================
  23:Drivers/STM32F3xx_HAL_Driver/Src/stm32f3xx_hal_dac_ex.c ****                       ##### How to use this driver #####
  24:Drivers/STM32F3xx_HAL_Driver/Src/stm32f3xx_hal_dac_ex.c ****   ==============================================================================
  25:Drivers/STM32F3xx_HAL_Driver/Src/stm32f3xx_hal_dac_ex.c ****     [..]          
  26:Drivers/STM32F3xx_HAL_Driver/Src/stm32f3xx_hal_dac_ex.c ****       (+) When Dual mode is enabled (i.e. DAC Channel1 and Channel2 are used simultaneously) :
  27:Drivers/STM32F3xx_HAL_Driver/Src/stm32f3xx_hal_dac_ex.c ****           Use HAL_DACEx_DualGetValue() to get digital data to be converted and use
  28:Drivers/STM32F3xx_HAL_Driver/Src/stm32f3xx_hal_dac_ex.c ****           HAL_DACEx_DualSetValue() to set digital value to converted simultaneously in Channel 1 an
  29:Drivers/STM32F3xx_HAL_Driver/Src/stm32f3xx_hal_dac_ex.c ****       (+) Use HAL_DACEx_TriangleWaveGenerate() to generate Triangle signal.
  30:Drivers/STM32F3xx_HAL_Driver/Src/stm32f3xx_hal_dac_ex.c ****       (+) Use HAL_DACEx_NoiseWaveGenerate() to generate Noise signal.
ARM GAS  C:\Users\SHUCHE~1\AppData\Local\Temp\ccVBdqL7.s 			page 2


  31:Drivers/STM32F3xx_HAL_Driver/Src/stm32f3xx_hal_dac_ex.c **** 
  32:Drivers/STM32F3xx_HAL_Driver/Src/stm32f3xx_hal_dac_ex.c ****  @endverbatim
  33:Drivers/STM32F3xx_HAL_Driver/Src/stm32f3xx_hal_dac_ex.c ****   ******************************************************************************
  34:Drivers/STM32F3xx_HAL_Driver/Src/stm32f3xx_hal_dac_ex.c ****   */
  35:Drivers/STM32F3xx_HAL_Driver/Src/stm32f3xx_hal_dac_ex.c **** 
  36:Drivers/STM32F3xx_HAL_Driver/Src/stm32f3xx_hal_dac_ex.c **** /* Includes ------------------------------------------------------------------*/
  37:Drivers/STM32F3xx_HAL_Driver/Src/stm32f3xx_hal_dac_ex.c **** #include "stm32f3xx_hal.h"
  38:Drivers/STM32F3xx_HAL_Driver/Src/stm32f3xx_hal_dac_ex.c **** 
  39:Drivers/STM32F3xx_HAL_Driver/Src/stm32f3xx_hal_dac_ex.c **** /** @addtogroup STM32F3xx_HAL_Driver
  40:Drivers/STM32F3xx_HAL_Driver/Src/stm32f3xx_hal_dac_ex.c ****   * @{
  41:Drivers/STM32F3xx_HAL_Driver/Src/stm32f3xx_hal_dac_ex.c ****   */
  42:Drivers/STM32F3xx_HAL_Driver/Src/stm32f3xx_hal_dac_ex.c **** 
  43:Drivers/STM32F3xx_HAL_Driver/Src/stm32f3xx_hal_dac_ex.c **** #ifdef HAL_DAC_MODULE_ENABLED
  44:Drivers/STM32F3xx_HAL_Driver/Src/stm32f3xx_hal_dac_ex.c **** 
  45:Drivers/STM32F3xx_HAL_Driver/Src/stm32f3xx_hal_dac_ex.c **** /** @defgroup DACEx DACEx
  46:Drivers/STM32F3xx_HAL_Driver/Src/stm32f3xx_hal_dac_ex.c ****   * @brief DAC HAL module driver
  47:Drivers/STM32F3xx_HAL_Driver/Src/stm32f3xx_hal_dac_ex.c ****   * @{
  48:Drivers/STM32F3xx_HAL_Driver/Src/stm32f3xx_hal_dac_ex.c ****   */
  49:Drivers/STM32F3xx_HAL_Driver/Src/stm32f3xx_hal_dac_ex.c **** 
  50:Drivers/STM32F3xx_HAL_Driver/Src/stm32f3xx_hal_dac_ex.c **** /* Private typedef -----------------------------------------------------------*/
  51:Drivers/STM32F3xx_HAL_Driver/Src/stm32f3xx_hal_dac_ex.c **** /* Private define ------------------------------------------------------------*/
  52:Drivers/STM32F3xx_HAL_Driver/Src/stm32f3xx_hal_dac_ex.c **** /* Private macro -------------------------------------------------------------*/
  53:Drivers/STM32F3xx_HAL_Driver/Src/stm32f3xx_hal_dac_ex.c **** /* Private variables ---------------------------------------------------------*/
  54:Drivers/STM32F3xx_HAL_Driver/Src/stm32f3xx_hal_dac_ex.c **** /* Private function prototypes -----------------------------------------------*/
  55:Drivers/STM32F3xx_HAL_Driver/Src/stm32f3xx_hal_dac_ex.c **** /** @defgroup DACEx_Private_Functions DACEx Private Functions
  56:Drivers/STM32F3xx_HAL_Driver/Src/stm32f3xx_hal_dac_ex.c ****   * @{
  57:Drivers/STM32F3xx_HAL_Driver/Src/stm32f3xx_hal_dac_ex.c ****   */
  58:Drivers/STM32F3xx_HAL_Driver/Src/stm32f3xx_hal_dac_ex.c **** static void DAC_DMAConvCpltCh1(DMA_HandleTypeDef *hdma);
  59:Drivers/STM32F3xx_HAL_Driver/Src/stm32f3xx_hal_dac_ex.c **** static void DAC_DMAErrorCh1(DMA_HandleTypeDef *hdma);
  60:Drivers/STM32F3xx_HAL_Driver/Src/stm32f3xx_hal_dac_ex.c **** static void DAC_DMAHalfConvCpltCh1(DMA_HandleTypeDef *hdma); 
  61:Drivers/STM32F3xx_HAL_Driver/Src/stm32f3xx_hal_dac_ex.c **** 
  62:Drivers/STM32F3xx_HAL_Driver/Src/stm32f3xx_hal_dac_ex.c **** #if defined(STM32F303xE) || defined(STM32F398xx)                         || \
  63:Drivers/STM32F3xx_HAL_Driver/Src/stm32f3xx_hal_dac_ex.c ****     defined(STM32F303xC) || defined(STM32F358xx)                         || \
  64:Drivers/STM32F3xx_HAL_Driver/Src/stm32f3xx_hal_dac_ex.c ****     defined(STM32F303x8) || defined(STM32F334x8) || defined(STM32F328xx) || \
  65:Drivers/STM32F3xx_HAL_Driver/Src/stm32f3xx_hal_dac_ex.c ****     defined(STM32F373xC) || defined(STM32F378xx) 
  66:Drivers/STM32F3xx_HAL_Driver/Src/stm32f3xx_hal_dac_ex.c **** /* DAC channel 2 is available on top of DAC channel 1U */
  67:Drivers/STM32F3xx_HAL_Driver/Src/stm32f3xx_hal_dac_ex.c **** static void DAC_DMAConvCpltCh2(DMA_HandleTypeDef *hdma);
  68:Drivers/STM32F3xx_HAL_Driver/Src/stm32f3xx_hal_dac_ex.c **** static void DAC_DMAErrorCh2(DMA_HandleTypeDef *hdma);
  69:Drivers/STM32F3xx_HAL_Driver/Src/stm32f3xx_hal_dac_ex.c **** static void DAC_DMAHalfConvCpltCh2(DMA_HandleTypeDef *hdma); 
  70:Drivers/STM32F3xx_HAL_Driver/Src/stm32f3xx_hal_dac_ex.c **** #endif /* STM32F303xE || STM32F398xx                || */
  71:Drivers/STM32F3xx_HAL_Driver/Src/stm32f3xx_hal_dac_ex.c ****        /* STM32F303xC || STM32F358xx                || */
  72:Drivers/STM32F3xx_HAL_Driver/Src/stm32f3xx_hal_dac_ex.c ****        /* STM32F303x8 || STM32F334x8 || STM32F328xx || */
  73:Drivers/STM32F3xx_HAL_Driver/Src/stm32f3xx_hal_dac_ex.c ****        /* STM32F373xC || STM32F378xx                   */
  74:Drivers/STM32F3xx_HAL_Driver/Src/stm32f3xx_hal_dac_ex.c **** /**
  75:Drivers/STM32F3xx_HAL_Driver/Src/stm32f3xx_hal_dac_ex.c ****   * @}
  76:Drivers/STM32F3xx_HAL_Driver/Src/stm32f3xx_hal_dac_ex.c ****   */
  77:Drivers/STM32F3xx_HAL_Driver/Src/stm32f3xx_hal_dac_ex.c **** 
  78:Drivers/STM32F3xx_HAL_Driver/Src/stm32f3xx_hal_dac_ex.c **** /* Exported functions ---------------------------------------------------------*/
  79:Drivers/STM32F3xx_HAL_Driver/Src/stm32f3xx_hal_dac_ex.c **** /** @defgroup DACEx_Exported_Functions DACEx Exported Functions
  80:Drivers/STM32F3xx_HAL_Driver/Src/stm32f3xx_hal_dac_ex.c ****   * @{
  81:Drivers/STM32F3xx_HAL_Driver/Src/stm32f3xx_hal_dac_ex.c ****   */
  82:Drivers/STM32F3xx_HAL_Driver/Src/stm32f3xx_hal_dac_ex.c **** 
  83:Drivers/STM32F3xx_HAL_Driver/Src/stm32f3xx_hal_dac_ex.c **** /** @defgroup DACEx_Exported_Functions_Group3 DACEx Peripheral Control functions
  84:Drivers/STM32F3xx_HAL_Driver/Src/stm32f3xx_hal_dac_ex.c ****  *  @brief   	Peripheral Control functions 
  85:Drivers/STM32F3xx_HAL_Driver/Src/stm32f3xx_hal_dac_ex.c ****  *
  86:Drivers/STM32F3xx_HAL_Driver/Src/stm32f3xx_hal_dac_ex.c **** @verbatim   
  87:Drivers/STM32F3xx_HAL_Driver/Src/stm32f3xx_hal_dac_ex.c ****   ==============================================================================
ARM GAS  C:\Users\SHUCHE~1\AppData\Local\Temp\ccVBdqL7.s 			page 3


  88:Drivers/STM32F3xx_HAL_Driver/Src/stm32f3xx_hal_dac_ex.c ****              ##### Peripheral Control functions #####
  89:Drivers/STM32F3xx_HAL_Driver/Src/stm32f3xx_hal_dac_ex.c ****   ==============================================================================  
  90:Drivers/STM32F3xx_HAL_Driver/Src/stm32f3xx_hal_dac_ex.c ****     [..]  This section provides functions allowing to:
  91:Drivers/STM32F3xx_HAL_Driver/Src/stm32f3xx_hal_dac_ex.c ****       (+) Set the specified data holding register value for DAC channel.
  92:Drivers/STM32F3xx_HAL_Driver/Src/stm32f3xx_hal_dac_ex.c ****       (+) Set the specified data holding register value for dual DAC channel
  93:Drivers/STM32F3xx_HAL_Driver/Src/stm32f3xx_hal_dac_ex.c **** 	      (when DAC channel 2 is present in DAC 1U)
  94:Drivers/STM32F3xx_HAL_Driver/Src/stm32f3xx_hal_dac_ex.c ****       
  95:Drivers/STM32F3xx_HAL_Driver/Src/stm32f3xx_hal_dac_ex.c **** @endverbatim
  96:Drivers/STM32F3xx_HAL_Driver/Src/stm32f3xx_hal_dac_ex.c ****   * @{
  97:Drivers/STM32F3xx_HAL_Driver/Src/stm32f3xx_hal_dac_ex.c ****   */
  98:Drivers/STM32F3xx_HAL_Driver/Src/stm32f3xx_hal_dac_ex.c **** 
  99:Drivers/STM32F3xx_HAL_Driver/Src/stm32f3xx_hal_dac_ex.c **** /**
 100:Drivers/STM32F3xx_HAL_Driver/Src/stm32f3xx_hal_dac_ex.c ****   * @brief  Set the specified data holding register value for DAC channel.
 101:Drivers/STM32F3xx_HAL_Driver/Src/stm32f3xx_hal_dac_ex.c ****   * @param  hdac pointer to a DAC_HandleTypeDef structure that contains
 102:Drivers/STM32F3xx_HAL_Driver/Src/stm32f3xx_hal_dac_ex.c ****   *         the configuration information for the specified DAC.
 103:Drivers/STM32F3xx_HAL_Driver/Src/stm32f3xx_hal_dac_ex.c ****   * @param  Channel The selected DAC channel. 
 104:Drivers/STM32F3xx_HAL_Driver/Src/stm32f3xx_hal_dac_ex.c ****   * @param  Alignment Specifies the data alignment for DAC channel.
 105:Drivers/STM32F3xx_HAL_Driver/Src/stm32f3xx_hal_dac_ex.c ****   *          This parameter can be one of the following values:
 106:Drivers/STM32F3xx_HAL_Driver/Src/stm32f3xx_hal_dac_ex.c ****   *            @arg DAC_ALIGN_8B_R: 8bit right data alignment selected
 107:Drivers/STM32F3xx_HAL_Driver/Src/stm32f3xx_hal_dac_ex.c ****   *            @arg DAC_ALIGN_12B_L: 12bit left data alignment selected
 108:Drivers/STM32F3xx_HAL_Driver/Src/stm32f3xx_hal_dac_ex.c ****   *            @arg DAC_ALIGN_12B_R: 12bit right data alignment selected
 109:Drivers/STM32F3xx_HAL_Driver/Src/stm32f3xx_hal_dac_ex.c ****   * @param  Data Data to be loaded in the selected data holding register.
 110:Drivers/STM32F3xx_HAL_Driver/Src/stm32f3xx_hal_dac_ex.c ****   * @retval HAL status
 111:Drivers/STM32F3xx_HAL_Driver/Src/stm32f3xx_hal_dac_ex.c ****   */
 112:Drivers/STM32F3xx_HAL_Driver/Src/stm32f3xx_hal_dac_ex.c **** HAL_StatusTypeDef HAL_DAC_SetValue(DAC_HandleTypeDef* hdac, uint32_t Channel, uint32_t Alignment, u
 113:Drivers/STM32F3xx_HAL_Driver/Src/stm32f3xx_hal_dac_ex.c **** {  
 114:Drivers/STM32F3xx_HAL_Driver/Src/stm32f3xx_hal_dac_ex.c ****   __IO uint32_t tmp = 0U;
 115:Drivers/STM32F3xx_HAL_Driver/Src/stm32f3xx_hal_dac_ex.c ****   
 116:Drivers/STM32F3xx_HAL_Driver/Src/stm32f3xx_hal_dac_ex.c ****   /* Check the parameters */
 117:Drivers/STM32F3xx_HAL_Driver/Src/stm32f3xx_hal_dac_ex.c ****   assert_param(IS_DAC_CHANNEL(Channel));
 118:Drivers/STM32F3xx_HAL_Driver/Src/stm32f3xx_hal_dac_ex.c ****   assert_param(IS_DAC_ALIGN(Alignment));
 119:Drivers/STM32F3xx_HAL_Driver/Src/stm32f3xx_hal_dac_ex.c ****   assert_param(IS_DAC_DATA(Data));
 120:Drivers/STM32F3xx_HAL_Driver/Src/stm32f3xx_hal_dac_ex.c ****    
 121:Drivers/STM32F3xx_HAL_Driver/Src/stm32f3xx_hal_dac_ex.c ****   tmp = (uint32_t) (hdac->Instance);
 122:Drivers/STM32F3xx_HAL_Driver/Src/stm32f3xx_hal_dac_ex.c **** 
 123:Drivers/STM32F3xx_HAL_Driver/Src/stm32f3xx_hal_dac_ex.c **** /* DAC 1 has 1 or 2 channels - no DAC2 */
 124:Drivers/STM32F3xx_HAL_Driver/Src/stm32f3xx_hal_dac_ex.c **** /* DAC 1 has 2 channels 1U & 2U - DAC 2 has one channel 1U */
 125:Drivers/STM32F3xx_HAL_Driver/Src/stm32f3xx_hal_dac_ex.c **** 
 126:Drivers/STM32F3xx_HAL_Driver/Src/stm32f3xx_hal_dac_ex.c ****   if(Channel == DAC_CHANNEL_1)
 127:Drivers/STM32F3xx_HAL_Driver/Src/stm32f3xx_hal_dac_ex.c ****   {
 128:Drivers/STM32F3xx_HAL_Driver/Src/stm32f3xx_hal_dac_ex.c ****     tmp += DAC_DHR12R1_ALIGNMENT(Alignment);
 129:Drivers/STM32F3xx_HAL_Driver/Src/stm32f3xx_hal_dac_ex.c ****   }
 130:Drivers/STM32F3xx_HAL_Driver/Src/stm32f3xx_hal_dac_ex.c **** #if defined(STM32F303xE) || defined(STM32F398xx)                         || \
 131:Drivers/STM32F3xx_HAL_Driver/Src/stm32f3xx_hal_dac_ex.c ****     defined(STM32F303xC) || defined(STM32F358xx)                         || \
 132:Drivers/STM32F3xx_HAL_Driver/Src/stm32f3xx_hal_dac_ex.c ****     defined(STM32F303x8) || defined(STM32F334x8) || defined(STM32F328xx) || \
 133:Drivers/STM32F3xx_HAL_Driver/Src/stm32f3xx_hal_dac_ex.c ****     defined(STM32F373xC) || defined(STM32F378xx)
 134:Drivers/STM32F3xx_HAL_Driver/Src/stm32f3xx_hal_dac_ex.c ****   else /* channel = DAC_CHANNEL_2  */
 135:Drivers/STM32F3xx_HAL_Driver/Src/stm32f3xx_hal_dac_ex.c ****   {
 136:Drivers/STM32F3xx_HAL_Driver/Src/stm32f3xx_hal_dac_ex.c ****     tmp += DAC_DHR12R2_ALIGNMENT(Alignment);
 137:Drivers/STM32F3xx_HAL_Driver/Src/stm32f3xx_hal_dac_ex.c ****   }
 138:Drivers/STM32F3xx_HAL_Driver/Src/stm32f3xx_hal_dac_ex.c **** #endif /* STM32F303xE || STM32F398xx                || */
 139:Drivers/STM32F3xx_HAL_Driver/Src/stm32f3xx_hal_dac_ex.c ****        /* STM32F303xC || STM32F358xx                || */
 140:Drivers/STM32F3xx_HAL_Driver/Src/stm32f3xx_hal_dac_ex.c ****        /* STM32F303x8 || STM32F334x8 || STM32F328xx || */
 141:Drivers/STM32F3xx_HAL_Driver/Src/stm32f3xx_hal_dac_ex.c ****        /* STM32F373xC || STM32F378xx                   */
 142:Drivers/STM32F3xx_HAL_Driver/Src/stm32f3xx_hal_dac_ex.c **** 
 143:Drivers/STM32F3xx_HAL_Driver/Src/stm32f3xx_hal_dac_ex.c ****   /* Set the DAC channel1 selected data holding register */
 144:Drivers/STM32F3xx_HAL_Driver/Src/stm32f3xx_hal_dac_ex.c ****   *(__IO uint32_t *) tmp = Data;
ARM GAS  C:\Users\SHUCHE~1\AppData\Local\Temp\ccVBdqL7.s 			page 4


 145:Drivers/STM32F3xx_HAL_Driver/Src/stm32f3xx_hal_dac_ex.c ****   
 146:Drivers/STM32F3xx_HAL_Driver/Src/stm32f3xx_hal_dac_ex.c ****   /* Return function status */
 147:Drivers/STM32F3xx_HAL_Driver/Src/stm32f3xx_hal_dac_ex.c ****   return HAL_OK;
 148:Drivers/STM32F3xx_HAL_Driver/Src/stm32f3xx_hal_dac_ex.c **** }
 149:Drivers/STM32F3xx_HAL_Driver/Src/stm32f3xx_hal_dac_ex.c **** 
 150:Drivers/STM32F3xx_HAL_Driver/Src/stm32f3xx_hal_dac_ex.c **** #if  defined(STM32F303xE) || defined(STM32F398xx)                         || \
 151:Drivers/STM32F3xx_HAL_Driver/Src/stm32f3xx_hal_dac_ex.c ****      defined(STM32F303xC) || defined(STM32F358xx)                         || \
 152:Drivers/STM32F3xx_HAL_Driver/Src/stm32f3xx_hal_dac_ex.c ****      defined(STM32F303x8) || defined(STM32F334x8) || defined(STM32F328xx) || \
 153:Drivers/STM32F3xx_HAL_Driver/Src/stm32f3xx_hal_dac_ex.c ****      defined(STM32F373xC) || defined(STM32F378xx)
 154:Drivers/STM32F3xx_HAL_Driver/Src/stm32f3xx_hal_dac_ex.c **** /* DAC channel 2 is present in DAC 1U */
 155:Drivers/STM32F3xx_HAL_Driver/Src/stm32f3xx_hal_dac_ex.c **** /**
 156:Drivers/STM32F3xx_HAL_Driver/Src/stm32f3xx_hal_dac_ex.c ****   * @brief  Set the specified data holding register value for dual DAC channel.
 157:Drivers/STM32F3xx_HAL_Driver/Src/stm32f3xx_hal_dac_ex.c ****   * @param  hdac pointer to a DAC_HandleTypeDef structure that contains
 158:Drivers/STM32F3xx_HAL_Driver/Src/stm32f3xx_hal_dac_ex.c ****   *         the configuration information for the specified DAC.
 159:Drivers/STM32F3xx_HAL_Driver/Src/stm32f3xx_hal_dac_ex.c ****   * @param  Alignment Specifies the data alignment for dual channel DAC.
 160:Drivers/STM32F3xx_HAL_Driver/Src/stm32f3xx_hal_dac_ex.c ****   *          This parameter can be one of the following values:
 161:Drivers/STM32F3xx_HAL_Driver/Src/stm32f3xx_hal_dac_ex.c ****   *            @arg DAC_ALIGN_8B_R: 8bit right data alignment selected
 162:Drivers/STM32F3xx_HAL_Driver/Src/stm32f3xx_hal_dac_ex.c ****   *            @arg DAC_ALIGN_12B_L: 12bit left data alignment selected
 163:Drivers/STM32F3xx_HAL_Driver/Src/stm32f3xx_hal_dac_ex.c ****   *            @arg DAC_ALIGN_12B_R: 12bit right data alignment selected
 164:Drivers/STM32F3xx_HAL_Driver/Src/stm32f3xx_hal_dac_ex.c ****   * @param  Data2: Data for DAC Channel2 to be loaded in the selected data holding register.
 165:Drivers/STM32F3xx_HAL_Driver/Src/stm32f3xx_hal_dac_ex.c ****   * @param  Data1: Data for DAC Channel1 to be loaded in the selected data  holding register.
 166:Drivers/STM32F3xx_HAL_Driver/Src/stm32f3xx_hal_dac_ex.c ****   * @note   In dual mode, a unique register access is required to write in both
 167:Drivers/STM32F3xx_HAL_Driver/Src/stm32f3xx_hal_dac_ex.c ****   *          DAC channels at the same time.
 168:Drivers/STM32F3xx_HAL_Driver/Src/stm32f3xx_hal_dac_ex.c ****   * @retval HAL status
 169:Drivers/STM32F3xx_HAL_Driver/Src/stm32f3xx_hal_dac_ex.c ****   */
 170:Drivers/STM32F3xx_HAL_Driver/Src/stm32f3xx_hal_dac_ex.c **** HAL_StatusTypeDef HAL_DACEx_DualSetValue(DAC_HandleTypeDef* hdac, uint32_t Alignment, uint32_t Data
 171:Drivers/STM32F3xx_HAL_Driver/Src/stm32f3xx_hal_dac_ex.c **** {
 172:Drivers/STM32F3xx_HAL_Driver/Src/stm32f3xx_hal_dac_ex.c ****   uint32_t data = 0U, tmp = 0U;
 173:Drivers/STM32F3xx_HAL_Driver/Src/stm32f3xx_hal_dac_ex.c **** 
 174:Drivers/STM32F3xx_HAL_Driver/Src/stm32f3xx_hal_dac_ex.c ****   /* Check the parameters */
 175:Drivers/STM32F3xx_HAL_Driver/Src/stm32f3xx_hal_dac_ex.c ****   assert_param(IS_DAC_ALIGN(Alignment));
 176:Drivers/STM32F3xx_HAL_Driver/Src/stm32f3xx_hal_dac_ex.c ****   assert_param(IS_DAC_DATA(Data1));
 177:Drivers/STM32F3xx_HAL_Driver/Src/stm32f3xx_hal_dac_ex.c ****   assert_param(IS_DAC_DATA(Data2));
 178:Drivers/STM32F3xx_HAL_Driver/Src/stm32f3xx_hal_dac_ex.c **** 
 179:Drivers/STM32F3xx_HAL_Driver/Src/stm32f3xx_hal_dac_ex.c ****   /* Calculate and set dual DAC data holding register value */
 180:Drivers/STM32F3xx_HAL_Driver/Src/stm32f3xx_hal_dac_ex.c ****   if (Alignment == DAC_ALIGN_8B_R)
 181:Drivers/STM32F3xx_HAL_Driver/Src/stm32f3xx_hal_dac_ex.c ****   {
 182:Drivers/STM32F3xx_HAL_Driver/Src/stm32f3xx_hal_dac_ex.c ****     data = ((uint32_t)Data2 << 8U) | Data1;
 183:Drivers/STM32F3xx_HAL_Driver/Src/stm32f3xx_hal_dac_ex.c ****   }
 184:Drivers/STM32F3xx_HAL_Driver/Src/stm32f3xx_hal_dac_ex.c ****   else
 185:Drivers/STM32F3xx_HAL_Driver/Src/stm32f3xx_hal_dac_ex.c ****   {
 186:Drivers/STM32F3xx_HAL_Driver/Src/stm32f3xx_hal_dac_ex.c ****     data = ((uint32_t)Data2 << 16U) | Data1;
 187:Drivers/STM32F3xx_HAL_Driver/Src/stm32f3xx_hal_dac_ex.c ****   }
 188:Drivers/STM32F3xx_HAL_Driver/Src/stm32f3xx_hal_dac_ex.c **** 
 189:Drivers/STM32F3xx_HAL_Driver/Src/stm32f3xx_hal_dac_ex.c ****     tmp = (uint32_t) (hdac->Instance);
 190:Drivers/STM32F3xx_HAL_Driver/Src/stm32f3xx_hal_dac_ex.c ****     tmp += DAC_DHR12RD_ALIGNMENT(Alignment);
 191:Drivers/STM32F3xx_HAL_Driver/Src/stm32f3xx_hal_dac_ex.c **** 
 192:Drivers/STM32F3xx_HAL_Driver/Src/stm32f3xx_hal_dac_ex.c ****   /* Set the dual DAC selected data holding register */
 193:Drivers/STM32F3xx_HAL_Driver/Src/stm32f3xx_hal_dac_ex.c ****   *(__IO uint32_t *)tmp = data;
 194:Drivers/STM32F3xx_HAL_Driver/Src/stm32f3xx_hal_dac_ex.c **** 
 195:Drivers/STM32F3xx_HAL_Driver/Src/stm32f3xx_hal_dac_ex.c ****   /* Return function status */
 196:Drivers/STM32F3xx_HAL_Driver/Src/stm32f3xx_hal_dac_ex.c ****   return HAL_OK;
 197:Drivers/STM32F3xx_HAL_Driver/Src/stm32f3xx_hal_dac_ex.c **** }
 198:Drivers/STM32F3xx_HAL_Driver/Src/stm32f3xx_hal_dac_ex.c **** #endif /* STM32F303xE || STM32F398xx                || */
 199:Drivers/STM32F3xx_HAL_Driver/Src/stm32f3xx_hal_dac_ex.c ****        /* STM32F303xC || STM32F358xx                || */
 200:Drivers/STM32F3xx_HAL_Driver/Src/stm32f3xx_hal_dac_ex.c ****        /* STM32F303x8 || STM32F334x8 || STM32F328xx || */
 201:Drivers/STM32F3xx_HAL_Driver/Src/stm32f3xx_hal_dac_ex.c ****        /* STM32F373xC || STM32F378xx                   */
ARM GAS  C:\Users\SHUCHE~1\AppData\Local\Temp\ccVBdqL7.s 			page 5


 202:Drivers/STM32F3xx_HAL_Driver/Src/stm32f3xx_hal_dac_ex.c **** 
 203:Drivers/STM32F3xx_HAL_Driver/Src/stm32f3xx_hal_dac_ex.c **** /**
 204:Drivers/STM32F3xx_HAL_Driver/Src/stm32f3xx_hal_dac_ex.c ****   * @}
 205:Drivers/STM32F3xx_HAL_Driver/Src/stm32f3xx_hal_dac_ex.c ****   */
 206:Drivers/STM32F3xx_HAL_Driver/Src/stm32f3xx_hal_dac_ex.c **** 
 207:Drivers/STM32F3xx_HAL_Driver/Src/stm32f3xx_hal_dac_ex.c **** /** @defgroup DACEx_Exported_Functions_Group2 DACEx Input and Output operation functions
 208:Drivers/STM32F3xx_HAL_Driver/Src/stm32f3xx_hal_dac_ex.c ****  *  @brief    IO operation functions 
 209:Drivers/STM32F3xx_HAL_Driver/Src/stm32f3xx_hal_dac_ex.c ****  *
 210:Drivers/STM32F3xx_HAL_Driver/Src/stm32f3xx_hal_dac_ex.c **** @verbatim   
 211:Drivers/STM32F3xx_HAL_Driver/Src/stm32f3xx_hal_dac_ex.c ****   ==============================================================================
 212:Drivers/STM32F3xx_HAL_Driver/Src/stm32f3xx_hal_dac_ex.c ****              ##### IO operation functions #####
 213:Drivers/STM32F3xx_HAL_Driver/Src/stm32f3xx_hal_dac_ex.c ****   ==============================================================================  
 214:Drivers/STM32F3xx_HAL_Driver/Src/stm32f3xx_hal_dac_ex.c ****     [..]  This section provides functions allowing to:
 215:Drivers/STM32F3xx_HAL_Driver/Src/stm32f3xx_hal_dac_ex.c ****       (+) Start conversion.
 216:Drivers/STM32F3xx_HAL_Driver/Src/stm32f3xx_hal_dac_ex.c ****       (+) Start conversion and enable DMA transfer.
 217:Drivers/STM32F3xx_HAL_Driver/Src/stm32f3xx_hal_dac_ex.c ****       (+) Get result of conversion.
 218:Drivers/STM32F3xx_HAL_Driver/Src/stm32f3xx_hal_dac_ex.c ****       (+) Handle DAC IRQ's.
 219:Drivers/STM32F3xx_HAL_Driver/Src/stm32f3xx_hal_dac_ex.c ****       (+) Generate triangular-wave                   
 220:Drivers/STM32F3xx_HAL_Driver/Src/stm32f3xx_hal_dac_ex.c ****       (+) Generate noise-wave
 221:Drivers/STM32F3xx_HAL_Driver/Src/stm32f3xx_hal_dac_ex.c **** 	  (+) Callback functions for DAC1 Channel2 (when supported)
 222:Drivers/STM32F3xx_HAL_Driver/Src/stm32f3xx_hal_dac_ex.c **** @endverbatim
 223:Drivers/STM32F3xx_HAL_Driver/Src/stm32f3xx_hal_dac_ex.c ****   * @{
 224:Drivers/STM32F3xx_HAL_Driver/Src/stm32f3xx_hal_dac_ex.c ****   */
 225:Drivers/STM32F3xx_HAL_Driver/Src/stm32f3xx_hal_dac_ex.c **** 
 226:Drivers/STM32F3xx_HAL_Driver/Src/stm32f3xx_hal_dac_ex.c **** #if  defined(STM32F303xE) || defined(STM32F398xx)                         || \
 227:Drivers/STM32F3xx_HAL_Driver/Src/stm32f3xx_hal_dac_ex.c ****      defined(STM32F303xC) || defined(STM32F358xx)                         || \
 228:Drivers/STM32F3xx_HAL_Driver/Src/stm32f3xx_hal_dac_ex.c ****      defined(STM32F303x8) || defined(STM32F334x8) || defined(STM32F328xx) || \
 229:Drivers/STM32F3xx_HAL_Driver/Src/stm32f3xx_hal_dac_ex.c ****      defined(STM32F373xC) || defined(STM32F378xx)
 230:Drivers/STM32F3xx_HAL_Driver/Src/stm32f3xx_hal_dac_ex.c **** 
 231:Drivers/STM32F3xx_HAL_Driver/Src/stm32f3xx_hal_dac_ex.c **** /* DAC 1 has 2 channels 1U & 2U - DAC 2 has one channel 1U */
 232:Drivers/STM32F3xx_HAL_Driver/Src/stm32f3xx_hal_dac_ex.c **** /**
 233:Drivers/STM32F3xx_HAL_Driver/Src/stm32f3xx_hal_dac_ex.c ****   * @brief  Enables DAC and starts conversion of channel.
 234:Drivers/STM32F3xx_HAL_Driver/Src/stm32f3xx_hal_dac_ex.c ****   * @param  hdac pointer to a DAC_HandleTypeDef structure that contains
 235:Drivers/STM32F3xx_HAL_Driver/Src/stm32f3xx_hal_dac_ex.c ****   *         the configuration information for the specified DAC.
 236:Drivers/STM32F3xx_HAL_Driver/Src/stm32f3xx_hal_dac_ex.c ****   * @param  Channel The selected DAC channel. 
 237:Drivers/STM32F3xx_HAL_Driver/Src/stm32f3xx_hal_dac_ex.c ****   *          This parameter can be one of the following values:
 238:Drivers/STM32F3xx_HAL_Driver/Src/stm32f3xx_hal_dac_ex.c ****   *            @arg DAC_CHANNEL_1: DAC1 Channel1 or DAC2 Channel1 selected
 239:Drivers/STM32F3xx_HAL_Driver/Src/stm32f3xx_hal_dac_ex.c ****   *            @arg DAC_CHANNEL_2: DAC1 Channel2 selected
 240:Drivers/STM32F3xx_HAL_Driver/Src/stm32f3xx_hal_dac_ex.c ****   * @retval HAL status
 241:Drivers/STM32F3xx_HAL_Driver/Src/stm32f3xx_hal_dac_ex.c ****   */
 242:Drivers/STM32F3xx_HAL_Driver/Src/stm32f3xx_hal_dac_ex.c **** HAL_StatusTypeDef HAL_DAC_Start(DAC_HandleTypeDef* hdac, uint32_t Channel)
 243:Drivers/STM32F3xx_HAL_Driver/Src/stm32f3xx_hal_dac_ex.c **** {
 244:Drivers/STM32F3xx_HAL_Driver/Src/stm32f3xx_hal_dac_ex.c ****   /* Check the parameters */
 245:Drivers/STM32F3xx_HAL_Driver/Src/stm32f3xx_hal_dac_ex.c ****   assert_param(IS_DAC_CHANNEL_INSTANCE(hdac->Instance, Channel));
 246:Drivers/STM32F3xx_HAL_Driver/Src/stm32f3xx_hal_dac_ex.c ****   
 247:Drivers/STM32F3xx_HAL_Driver/Src/stm32f3xx_hal_dac_ex.c ****   /* Process locked */
 248:Drivers/STM32F3xx_HAL_Driver/Src/stm32f3xx_hal_dac_ex.c ****   __HAL_LOCK(hdac);
 249:Drivers/STM32F3xx_HAL_Driver/Src/stm32f3xx_hal_dac_ex.c ****   
 250:Drivers/STM32F3xx_HAL_Driver/Src/stm32f3xx_hal_dac_ex.c ****   /* Change DAC state */
 251:Drivers/STM32F3xx_HAL_Driver/Src/stm32f3xx_hal_dac_ex.c ****   hdac->State = HAL_DAC_STATE_BUSY;
 252:Drivers/STM32F3xx_HAL_Driver/Src/stm32f3xx_hal_dac_ex.c ****   
 253:Drivers/STM32F3xx_HAL_Driver/Src/stm32f3xx_hal_dac_ex.c ****   /* Enable the Peripheral */
 254:Drivers/STM32F3xx_HAL_Driver/Src/stm32f3xx_hal_dac_ex.c ****   __HAL_DAC_ENABLE(hdac, Channel);
 255:Drivers/STM32F3xx_HAL_Driver/Src/stm32f3xx_hal_dac_ex.c ****   
 256:Drivers/STM32F3xx_HAL_Driver/Src/stm32f3xx_hal_dac_ex.c ****   if(Channel == DAC_CHANNEL_1)
 257:Drivers/STM32F3xx_HAL_Driver/Src/stm32f3xx_hal_dac_ex.c ****   {
 258:Drivers/STM32F3xx_HAL_Driver/Src/stm32f3xx_hal_dac_ex.c ****     /* Check if software trigger enabled */
ARM GAS  C:\Users\SHUCHE~1\AppData\Local\Temp\ccVBdqL7.s 			page 6


 259:Drivers/STM32F3xx_HAL_Driver/Src/stm32f3xx_hal_dac_ex.c ****     if((hdac->Instance->CR & (DAC_CR_TEN1 | DAC_CR_TSEL1)) == (DAC_CR_TEN1 | DAC_CR_TSEL1))
 260:Drivers/STM32F3xx_HAL_Driver/Src/stm32f3xx_hal_dac_ex.c ****     {
 261:Drivers/STM32F3xx_HAL_Driver/Src/stm32f3xx_hal_dac_ex.c ****       /* Enable the selected DAC software conversion */
 262:Drivers/STM32F3xx_HAL_Driver/Src/stm32f3xx_hal_dac_ex.c ****       SET_BIT(hdac->Instance->SWTRIGR, DAC_SWTRIGR_SWTRIG1);
 263:Drivers/STM32F3xx_HAL_Driver/Src/stm32f3xx_hal_dac_ex.c ****     }
 264:Drivers/STM32F3xx_HAL_Driver/Src/stm32f3xx_hal_dac_ex.c ****   }
 265:Drivers/STM32F3xx_HAL_Driver/Src/stm32f3xx_hal_dac_ex.c ****   else
 266:Drivers/STM32F3xx_HAL_Driver/Src/stm32f3xx_hal_dac_ex.c ****   {
 267:Drivers/STM32F3xx_HAL_Driver/Src/stm32f3xx_hal_dac_ex.c ****     /* Check if software trigger enabled */
 268:Drivers/STM32F3xx_HAL_Driver/Src/stm32f3xx_hal_dac_ex.c ****     if((hdac->Instance->CR & (DAC_CR_TEN2 | DAC_CR_TSEL2)) == (DAC_CR_TEN2 | DAC_CR_TSEL2))
 269:Drivers/STM32F3xx_HAL_Driver/Src/stm32f3xx_hal_dac_ex.c ****     {
 270:Drivers/STM32F3xx_HAL_Driver/Src/stm32f3xx_hal_dac_ex.c ****       /* Enable the selected DAC software conversion */
 271:Drivers/STM32F3xx_HAL_Driver/Src/stm32f3xx_hal_dac_ex.c ****       SET_BIT(hdac->Instance->SWTRIGR, DAC_SWTRIGR_SWTRIG2);
 272:Drivers/STM32F3xx_HAL_Driver/Src/stm32f3xx_hal_dac_ex.c ****     }
 273:Drivers/STM32F3xx_HAL_Driver/Src/stm32f3xx_hal_dac_ex.c ****   }
 274:Drivers/STM32F3xx_HAL_Driver/Src/stm32f3xx_hal_dac_ex.c ****   
 275:Drivers/STM32F3xx_HAL_Driver/Src/stm32f3xx_hal_dac_ex.c ****   /* Change DAC state */
 276:Drivers/STM32F3xx_HAL_Driver/Src/stm32f3xx_hal_dac_ex.c ****   hdac->State = HAL_DAC_STATE_READY;
 277:Drivers/STM32F3xx_HAL_Driver/Src/stm32f3xx_hal_dac_ex.c ****   
 278:Drivers/STM32F3xx_HAL_Driver/Src/stm32f3xx_hal_dac_ex.c ****   /* Process unlocked */
 279:Drivers/STM32F3xx_HAL_Driver/Src/stm32f3xx_hal_dac_ex.c ****   __HAL_UNLOCK(hdac);
 280:Drivers/STM32F3xx_HAL_Driver/Src/stm32f3xx_hal_dac_ex.c ****     
 281:Drivers/STM32F3xx_HAL_Driver/Src/stm32f3xx_hal_dac_ex.c ****   /* Return function status */
 282:Drivers/STM32F3xx_HAL_Driver/Src/stm32f3xx_hal_dac_ex.c ****   return HAL_OK;
 283:Drivers/STM32F3xx_HAL_Driver/Src/stm32f3xx_hal_dac_ex.c **** }
 284:Drivers/STM32F3xx_HAL_Driver/Src/stm32f3xx_hal_dac_ex.c **** #endif /* STM32F303xE || STM32F398xx                || */
 285:Drivers/STM32F3xx_HAL_Driver/Src/stm32f3xx_hal_dac_ex.c ****        /* STM32F303xC || STM32F358xx                || */
 286:Drivers/STM32F3xx_HAL_Driver/Src/stm32f3xx_hal_dac_ex.c ****        /* STM32F303x8 || STM32F334x8 || STM32F328xx || */
 287:Drivers/STM32F3xx_HAL_Driver/Src/stm32f3xx_hal_dac_ex.c ****        /* STM32F373xC || STM32F378xx                   */
 288:Drivers/STM32F3xx_HAL_Driver/Src/stm32f3xx_hal_dac_ex.c **** 
 289:Drivers/STM32F3xx_HAL_Driver/Src/stm32f3xx_hal_dac_ex.c **** #if defined(STM32F302xE) || \
 290:Drivers/STM32F3xx_HAL_Driver/Src/stm32f3xx_hal_dac_ex.c ****     defined(STM32F302xC) || \
 291:Drivers/STM32F3xx_HAL_Driver/Src/stm32f3xx_hal_dac_ex.c ****     defined(STM32F301x8) || defined(STM32F302x8) || defined(STM32F318xx)
 292:Drivers/STM32F3xx_HAL_Driver/Src/stm32f3xx_hal_dac_ex.c **** /* DAC 1 has 1 channels 1U */
 293:Drivers/STM32F3xx_HAL_Driver/Src/stm32f3xx_hal_dac_ex.c **** /**
 294:Drivers/STM32F3xx_HAL_Driver/Src/stm32f3xx_hal_dac_ex.c ****   * @brief  Enables DAC and starts conversion of channel.
 295:Drivers/STM32F3xx_HAL_Driver/Src/stm32f3xx_hal_dac_ex.c ****   * @param  hdac pointer to a DAC_HandleTypeDef structure that contains
 296:Drivers/STM32F3xx_HAL_Driver/Src/stm32f3xx_hal_dac_ex.c ****   *         the configuration information for the specified DAC.
 297:Drivers/STM32F3xx_HAL_Driver/Src/stm32f3xx_hal_dac_ex.c ****   * @param  Channel The selected DAC channel. 
 298:Drivers/STM32F3xx_HAL_Driver/Src/stm32f3xx_hal_dac_ex.c ****   *          This parameter can be one of the following values:
 299:Drivers/STM32F3xx_HAL_Driver/Src/stm32f3xx_hal_dac_ex.c ****   *            @arg DAC_CHANNEL_1: DAC1 Channel1 selected
 300:Drivers/STM32F3xx_HAL_Driver/Src/stm32f3xx_hal_dac_ex.c ****   * @retval HAL status 
 301:Drivers/STM32F3xx_HAL_Driver/Src/stm32f3xx_hal_dac_ex.c ****   */
 302:Drivers/STM32F3xx_HAL_Driver/Src/stm32f3xx_hal_dac_ex.c **** 
 303:Drivers/STM32F3xx_HAL_Driver/Src/stm32f3xx_hal_dac_ex.c **** HAL_StatusTypeDef HAL_DAC_Start(DAC_HandleTypeDef* hdac, uint32_t Channel)
 304:Drivers/STM32F3xx_HAL_Driver/Src/stm32f3xx_hal_dac_ex.c **** {
 305:Drivers/STM32F3xx_HAL_Driver/Src/stm32f3xx_hal_dac_ex.c ****   /* Check the parameters */
 306:Drivers/STM32F3xx_HAL_Driver/Src/stm32f3xx_hal_dac_ex.c ****   assert_param(IS_DAC_CHANNEL_INSTANCE(hdac->Instance, Channel));
 307:Drivers/STM32F3xx_HAL_Driver/Src/stm32f3xx_hal_dac_ex.c ****   
 308:Drivers/STM32F3xx_HAL_Driver/Src/stm32f3xx_hal_dac_ex.c ****   /* Process locked */
 309:Drivers/STM32F3xx_HAL_Driver/Src/stm32f3xx_hal_dac_ex.c ****   __HAL_LOCK(hdac);
 310:Drivers/STM32F3xx_HAL_Driver/Src/stm32f3xx_hal_dac_ex.c ****   
 311:Drivers/STM32F3xx_HAL_Driver/Src/stm32f3xx_hal_dac_ex.c ****   /* Change DAC state */
 312:Drivers/STM32F3xx_HAL_Driver/Src/stm32f3xx_hal_dac_ex.c ****   hdac->State = HAL_DAC_STATE_BUSY;
 313:Drivers/STM32F3xx_HAL_Driver/Src/stm32f3xx_hal_dac_ex.c ****   
 314:Drivers/STM32F3xx_HAL_Driver/Src/stm32f3xx_hal_dac_ex.c ****   /* Enable the Peripheral */
 315:Drivers/STM32F3xx_HAL_Driver/Src/stm32f3xx_hal_dac_ex.c ****   __HAL_DAC_ENABLE(hdac, Channel);
ARM GAS  C:\Users\SHUCHE~1\AppData\Local\Temp\ccVBdqL7.s 			page 7


 316:Drivers/STM32F3xx_HAL_Driver/Src/stm32f3xx_hal_dac_ex.c ****   
 317:Drivers/STM32F3xx_HAL_Driver/Src/stm32f3xx_hal_dac_ex.c ****   /* Check if software trigger enabled */
 318:Drivers/STM32F3xx_HAL_Driver/Src/stm32f3xx_hal_dac_ex.c ****   if((hdac->Instance->CR & (DAC_CR_TEN1 | DAC_CR_TSEL1)) == (DAC_CR_TEN1 | DAC_CR_TSEL1))
 319:Drivers/STM32F3xx_HAL_Driver/Src/stm32f3xx_hal_dac_ex.c ****   {
 320:Drivers/STM32F3xx_HAL_Driver/Src/stm32f3xx_hal_dac_ex.c ****     /* Enable the selected DAC software conversion */
 321:Drivers/STM32F3xx_HAL_Driver/Src/stm32f3xx_hal_dac_ex.c ****     SET_BIT(hdac->Instance->SWTRIGR, DAC_SWTRIGR_SWTRIG1);
 322:Drivers/STM32F3xx_HAL_Driver/Src/stm32f3xx_hal_dac_ex.c ****   }
 323:Drivers/STM32F3xx_HAL_Driver/Src/stm32f3xx_hal_dac_ex.c ****   
 324:Drivers/STM32F3xx_HAL_Driver/Src/stm32f3xx_hal_dac_ex.c ****   /* Change DAC state */
 325:Drivers/STM32F3xx_HAL_Driver/Src/stm32f3xx_hal_dac_ex.c ****   hdac->State = HAL_DAC_STATE_READY;
 326:Drivers/STM32F3xx_HAL_Driver/Src/stm32f3xx_hal_dac_ex.c ****   
 327:Drivers/STM32F3xx_HAL_Driver/Src/stm32f3xx_hal_dac_ex.c ****   /* Process unlocked */
 328:Drivers/STM32F3xx_HAL_Driver/Src/stm32f3xx_hal_dac_ex.c ****   __HAL_UNLOCK(hdac);
 329:Drivers/STM32F3xx_HAL_Driver/Src/stm32f3xx_hal_dac_ex.c ****     
 330:Drivers/STM32F3xx_HAL_Driver/Src/stm32f3xx_hal_dac_ex.c ****   /* Return function status */
 331:Drivers/STM32F3xx_HAL_Driver/Src/stm32f3xx_hal_dac_ex.c ****   return HAL_OK;
 332:Drivers/STM32F3xx_HAL_Driver/Src/stm32f3xx_hal_dac_ex.c **** }
 333:Drivers/STM32F3xx_HAL_Driver/Src/stm32f3xx_hal_dac_ex.c **** #endif /* STM32F302xE                               || */
 334:Drivers/STM32F3xx_HAL_Driver/Src/stm32f3xx_hal_dac_ex.c ****        /* STM32F302xC                               || */
 335:Drivers/STM32F3xx_HAL_Driver/Src/stm32f3xx_hal_dac_ex.c ****        /* STM32F301x8 || STM32F302x8 || STM32F318xx    */
 336:Drivers/STM32F3xx_HAL_Driver/Src/stm32f3xx_hal_dac_ex.c **** 
 337:Drivers/STM32F3xx_HAL_Driver/Src/stm32f3xx_hal_dac_ex.c **** /* DAC 1 has 2 channels 1U & 2U - DAC 2 has one channel 1U */
 338:Drivers/STM32F3xx_HAL_Driver/Src/stm32f3xx_hal_dac_ex.c **** #if defined(STM32F303xE) || defined(STM32F398xx)                         || \
 339:Drivers/STM32F3xx_HAL_Driver/Src/stm32f3xx_hal_dac_ex.c ****     defined(STM32F303xC) || defined(STM32F358xx)                         || \
 340:Drivers/STM32F3xx_HAL_Driver/Src/stm32f3xx_hal_dac_ex.c ****     defined(STM32F303x8) || defined(STM32F334x8) || defined(STM32F328xx) || \
 341:Drivers/STM32F3xx_HAL_Driver/Src/stm32f3xx_hal_dac_ex.c ****     defined(STM32F373xC) || defined(STM32F378xx)
 342:Drivers/STM32F3xx_HAL_Driver/Src/stm32f3xx_hal_dac_ex.c **** /* DAC 1 has 2 channels 1U & 2U */
 343:Drivers/STM32F3xx_HAL_Driver/Src/stm32f3xx_hal_dac_ex.c **** /**
 344:Drivers/STM32F3xx_HAL_Driver/Src/stm32f3xx_hal_dac_ex.c ****   * @brief  Enables DAC and starts conversion of channel.
 345:Drivers/STM32F3xx_HAL_Driver/Src/stm32f3xx_hal_dac_ex.c ****   * @param  hdac pointer to a DAC_HandleTypeDef structure that contains
 346:Drivers/STM32F3xx_HAL_Driver/Src/stm32f3xx_hal_dac_ex.c ****   *         the configuration information for the specified DAC.
 347:Drivers/STM32F3xx_HAL_Driver/Src/stm32f3xx_hal_dac_ex.c ****   * @param  Channel The selected DAC channel. 
 348:Drivers/STM32F3xx_HAL_Driver/Src/stm32f3xx_hal_dac_ex.c ****   *          This parameter can be one of the following values:
 349:Drivers/STM32F3xx_HAL_Driver/Src/stm32f3xx_hal_dac_ex.c ****   *            @arg DAC_CHANNEL_1: DAC1 Channel1 selected
 350:Drivers/STM32F3xx_HAL_Driver/Src/stm32f3xx_hal_dac_ex.c ****   *            @arg DAC_CHANNEL_2: DAC1 Channel2 selected
 351:Drivers/STM32F3xx_HAL_Driver/Src/stm32f3xx_hal_dac_ex.c ****   * @param  pData The destination peripheral Buffer address.
 352:Drivers/STM32F3xx_HAL_Driver/Src/stm32f3xx_hal_dac_ex.c ****   * @param  Length The length of data to be transferred from memory to DAC peripheral
 353:Drivers/STM32F3xx_HAL_Driver/Src/stm32f3xx_hal_dac_ex.c ****   * @param  Alignment Specifies the data alignment for DAC channel.
 354:Drivers/STM32F3xx_HAL_Driver/Src/stm32f3xx_hal_dac_ex.c ****   *          This parameter can be one of the following values:
 355:Drivers/STM32F3xx_HAL_Driver/Src/stm32f3xx_hal_dac_ex.c ****   *            @arg DAC_ALIGN_8B_R: 8bit right data alignment selected
 356:Drivers/STM32F3xx_HAL_Driver/Src/stm32f3xx_hal_dac_ex.c ****   *            @arg DAC_ALIGN_12B_L: 12bit left data alignment selected
 357:Drivers/STM32F3xx_HAL_Driver/Src/stm32f3xx_hal_dac_ex.c ****   *            @arg DAC_ALIGN_12B_R: 12bit right data alignment selected
 358:Drivers/STM32F3xx_HAL_Driver/Src/stm32f3xx_hal_dac_ex.c ****   * @retval HAL status
 359:Drivers/STM32F3xx_HAL_Driver/Src/stm32f3xx_hal_dac_ex.c ****   */
 360:Drivers/STM32F3xx_HAL_Driver/Src/stm32f3xx_hal_dac_ex.c **** HAL_StatusTypeDef HAL_DAC_Start_DMA(DAC_HandleTypeDef* hdac, uint32_t Channel, uint32_t* pData, uin
 361:Drivers/STM32F3xx_HAL_Driver/Src/stm32f3xx_hal_dac_ex.c **** {
 362:Drivers/STM32F3xx_HAL_Driver/Src/stm32f3xx_hal_dac_ex.c ****   uint32_t tmpreg = 0U;
 363:Drivers/STM32F3xx_HAL_Driver/Src/stm32f3xx_hal_dac_ex.c ****     
 364:Drivers/STM32F3xx_HAL_Driver/Src/stm32f3xx_hal_dac_ex.c ****   /* Check the parameters */
 365:Drivers/STM32F3xx_HAL_Driver/Src/stm32f3xx_hal_dac_ex.c ****   assert_param(IS_DAC_CHANNEL_INSTANCE(hdac->Instance, Channel));
 366:Drivers/STM32F3xx_HAL_Driver/Src/stm32f3xx_hal_dac_ex.c ****   assert_param(IS_DAC_ALIGN(Alignment));
 367:Drivers/STM32F3xx_HAL_Driver/Src/stm32f3xx_hal_dac_ex.c ****   
 368:Drivers/STM32F3xx_HAL_Driver/Src/stm32f3xx_hal_dac_ex.c ****   /* Process locked */
 369:Drivers/STM32F3xx_HAL_Driver/Src/stm32f3xx_hal_dac_ex.c ****   __HAL_LOCK(hdac);
 370:Drivers/STM32F3xx_HAL_Driver/Src/stm32f3xx_hal_dac_ex.c ****   
 371:Drivers/STM32F3xx_HAL_Driver/Src/stm32f3xx_hal_dac_ex.c ****   /* Change DAC state */
 372:Drivers/STM32F3xx_HAL_Driver/Src/stm32f3xx_hal_dac_ex.c ****   hdac->State = HAL_DAC_STATE_BUSY;
ARM GAS  C:\Users\SHUCHE~1\AppData\Local\Temp\ccVBdqL7.s 			page 8


 373:Drivers/STM32F3xx_HAL_Driver/Src/stm32f3xx_hal_dac_ex.c **** 
 374:Drivers/STM32F3xx_HAL_Driver/Src/stm32f3xx_hal_dac_ex.c ****   if(Channel == DAC_CHANNEL_1)
 375:Drivers/STM32F3xx_HAL_Driver/Src/stm32f3xx_hal_dac_ex.c ****   {
 376:Drivers/STM32F3xx_HAL_Driver/Src/stm32f3xx_hal_dac_ex.c ****     /* Set the DMA transfer complete callback for channel1 */
 377:Drivers/STM32F3xx_HAL_Driver/Src/stm32f3xx_hal_dac_ex.c ****     hdac->DMA_Handle1->XferCpltCallback = DAC_DMAConvCpltCh1;
 378:Drivers/STM32F3xx_HAL_Driver/Src/stm32f3xx_hal_dac_ex.c ****     
 379:Drivers/STM32F3xx_HAL_Driver/Src/stm32f3xx_hal_dac_ex.c ****     /* Set the DMA half transfer complete callback for channel1 */
 380:Drivers/STM32F3xx_HAL_Driver/Src/stm32f3xx_hal_dac_ex.c ****     hdac->DMA_Handle1->XferHalfCpltCallback = DAC_DMAHalfConvCpltCh1;
 381:Drivers/STM32F3xx_HAL_Driver/Src/stm32f3xx_hal_dac_ex.c ****       
 382:Drivers/STM32F3xx_HAL_Driver/Src/stm32f3xx_hal_dac_ex.c ****     /* Set the DMA error callback for channel1 */
 383:Drivers/STM32F3xx_HAL_Driver/Src/stm32f3xx_hal_dac_ex.c ****     hdac->DMA_Handle1->XferErrorCallback = DAC_DMAErrorCh1;
 384:Drivers/STM32F3xx_HAL_Driver/Src/stm32f3xx_hal_dac_ex.c **** 
 385:Drivers/STM32F3xx_HAL_Driver/Src/stm32f3xx_hal_dac_ex.c ****     /* Enable the selected DAC channel1 DMA request */
 386:Drivers/STM32F3xx_HAL_Driver/Src/stm32f3xx_hal_dac_ex.c ****     SET_BIT(hdac->Instance->CR, DAC_CR_DMAEN1);   
 387:Drivers/STM32F3xx_HAL_Driver/Src/stm32f3xx_hal_dac_ex.c **** 
 388:Drivers/STM32F3xx_HAL_Driver/Src/stm32f3xx_hal_dac_ex.c ****     /* Case of use of channel 1U */
 389:Drivers/STM32F3xx_HAL_Driver/Src/stm32f3xx_hal_dac_ex.c ****     switch(Alignment)
 390:Drivers/STM32F3xx_HAL_Driver/Src/stm32f3xx_hal_dac_ex.c ****     {
 391:Drivers/STM32F3xx_HAL_Driver/Src/stm32f3xx_hal_dac_ex.c ****       case DAC_ALIGN_12B_R:
 392:Drivers/STM32F3xx_HAL_Driver/Src/stm32f3xx_hal_dac_ex.c ****         /* Get DHR12R1 address */
 393:Drivers/STM32F3xx_HAL_Driver/Src/stm32f3xx_hal_dac_ex.c ****         tmpreg = (uint32_t)&hdac->Instance->DHR12R1;
 394:Drivers/STM32F3xx_HAL_Driver/Src/stm32f3xx_hal_dac_ex.c ****         break;
 395:Drivers/STM32F3xx_HAL_Driver/Src/stm32f3xx_hal_dac_ex.c ****       case DAC_ALIGN_12B_L:
 396:Drivers/STM32F3xx_HAL_Driver/Src/stm32f3xx_hal_dac_ex.c ****         /* Get DHR12L1 address */
 397:Drivers/STM32F3xx_HAL_Driver/Src/stm32f3xx_hal_dac_ex.c ****         tmpreg = (uint32_t)&hdac->Instance->DHR12L1;
 398:Drivers/STM32F3xx_HAL_Driver/Src/stm32f3xx_hal_dac_ex.c ****         break;
 399:Drivers/STM32F3xx_HAL_Driver/Src/stm32f3xx_hal_dac_ex.c ****       case DAC_ALIGN_8B_R:
 400:Drivers/STM32F3xx_HAL_Driver/Src/stm32f3xx_hal_dac_ex.c ****         /* Get DHR8R1 address */
 401:Drivers/STM32F3xx_HAL_Driver/Src/stm32f3xx_hal_dac_ex.c ****         tmpreg = (uint32_t)&hdac->Instance->DHR8R1;
 402:Drivers/STM32F3xx_HAL_Driver/Src/stm32f3xx_hal_dac_ex.c ****         break;
 403:Drivers/STM32F3xx_HAL_Driver/Src/stm32f3xx_hal_dac_ex.c ****       default:
 404:Drivers/STM32F3xx_HAL_Driver/Src/stm32f3xx_hal_dac_ex.c ****         break;
 405:Drivers/STM32F3xx_HAL_Driver/Src/stm32f3xx_hal_dac_ex.c ****     }
 406:Drivers/STM32F3xx_HAL_Driver/Src/stm32f3xx_hal_dac_ex.c ****   }
 407:Drivers/STM32F3xx_HAL_Driver/Src/stm32f3xx_hal_dac_ex.c ****   else
 408:Drivers/STM32F3xx_HAL_Driver/Src/stm32f3xx_hal_dac_ex.c ****   {
 409:Drivers/STM32F3xx_HAL_Driver/Src/stm32f3xx_hal_dac_ex.c ****     /* Set the DMA transfer complete callback for channel2 */
 410:Drivers/STM32F3xx_HAL_Driver/Src/stm32f3xx_hal_dac_ex.c ****     hdac->DMA_Handle2->XferCpltCallback = DAC_DMAConvCpltCh2;
 411:Drivers/STM32F3xx_HAL_Driver/Src/stm32f3xx_hal_dac_ex.c ****     
 412:Drivers/STM32F3xx_HAL_Driver/Src/stm32f3xx_hal_dac_ex.c ****     /* Set the DMA half transfer complete callback for channel2 */
 413:Drivers/STM32F3xx_HAL_Driver/Src/stm32f3xx_hal_dac_ex.c ****     hdac->DMA_Handle2->XferHalfCpltCallback = DAC_DMAHalfConvCpltCh2;
 414:Drivers/STM32F3xx_HAL_Driver/Src/stm32f3xx_hal_dac_ex.c ****        
 415:Drivers/STM32F3xx_HAL_Driver/Src/stm32f3xx_hal_dac_ex.c ****     /* Set the DMA error callback for channel2 */
 416:Drivers/STM32F3xx_HAL_Driver/Src/stm32f3xx_hal_dac_ex.c ****     hdac->DMA_Handle2->XferErrorCallback = DAC_DMAErrorCh2;
 417:Drivers/STM32F3xx_HAL_Driver/Src/stm32f3xx_hal_dac_ex.c ****  
 418:Drivers/STM32F3xx_HAL_Driver/Src/stm32f3xx_hal_dac_ex.c ****     /* Enable the selected DAC channel2 DMA request */
 419:Drivers/STM32F3xx_HAL_Driver/Src/stm32f3xx_hal_dac_ex.c ****     SET_BIT(hdac->Instance->CR, DAC_CR_DMAEN2); 
 420:Drivers/STM32F3xx_HAL_Driver/Src/stm32f3xx_hal_dac_ex.c ****    
 421:Drivers/STM32F3xx_HAL_Driver/Src/stm32f3xx_hal_dac_ex.c ****     /* Case of use of channel 2U */
 422:Drivers/STM32F3xx_HAL_Driver/Src/stm32f3xx_hal_dac_ex.c ****     switch(Alignment)
 423:Drivers/STM32F3xx_HAL_Driver/Src/stm32f3xx_hal_dac_ex.c ****     {
 424:Drivers/STM32F3xx_HAL_Driver/Src/stm32f3xx_hal_dac_ex.c ****       case DAC_ALIGN_12B_R:
 425:Drivers/STM32F3xx_HAL_Driver/Src/stm32f3xx_hal_dac_ex.c ****         /* Get DHR12R2 address */
 426:Drivers/STM32F3xx_HAL_Driver/Src/stm32f3xx_hal_dac_ex.c ****         tmpreg = (uint32_t)&hdac->Instance->DHR12R2;
 427:Drivers/STM32F3xx_HAL_Driver/Src/stm32f3xx_hal_dac_ex.c ****         break;
 428:Drivers/STM32F3xx_HAL_Driver/Src/stm32f3xx_hal_dac_ex.c ****       case DAC_ALIGN_12B_L:
 429:Drivers/STM32F3xx_HAL_Driver/Src/stm32f3xx_hal_dac_ex.c ****         /* Get DHR12L2 address */
ARM GAS  C:\Users\SHUCHE~1\AppData\Local\Temp\ccVBdqL7.s 			page 9


 430:Drivers/STM32F3xx_HAL_Driver/Src/stm32f3xx_hal_dac_ex.c ****         tmpreg = (uint32_t)&hdac->Instance->DHR12L2;
 431:Drivers/STM32F3xx_HAL_Driver/Src/stm32f3xx_hal_dac_ex.c ****         break;
 432:Drivers/STM32F3xx_HAL_Driver/Src/stm32f3xx_hal_dac_ex.c ****       case DAC_ALIGN_8B_R:
 433:Drivers/STM32F3xx_HAL_Driver/Src/stm32f3xx_hal_dac_ex.c ****         /* Get DHR8R2 address */
 434:Drivers/STM32F3xx_HAL_Driver/Src/stm32f3xx_hal_dac_ex.c ****         tmpreg = (uint32_t)&hdac->Instance->DHR8R2;
 435:Drivers/STM32F3xx_HAL_Driver/Src/stm32f3xx_hal_dac_ex.c ****         break;
 436:Drivers/STM32F3xx_HAL_Driver/Src/stm32f3xx_hal_dac_ex.c ****       default:
 437:Drivers/STM32F3xx_HAL_Driver/Src/stm32f3xx_hal_dac_ex.c ****         break;
 438:Drivers/STM32F3xx_HAL_Driver/Src/stm32f3xx_hal_dac_ex.c ****     }
 439:Drivers/STM32F3xx_HAL_Driver/Src/stm32f3xx_hal_dac_ex.c ****   }
 440:Drivers/STM32F3xx_HAL_Driver/Src/stm32f3xx_hal_dac_ex.c ****  
 441:Drivers/STM32F3xx_HAL_Driver/Src/stm32f3xx_hal_dac_ex.c ****   /* Enable the DMA Channel */
 442:Drivers/STM32F3xx_HAL_Driver/Src/stm32f3xx_hal_dac_ex.c ****   if(Channel == DAC_CHANNEL_1)
 443:Drivers/STM32F3xx_HAL_Driver/Src/stm32f3xx_hal_dac_ex.c ****   {
 444:Drivers/STM32F3xx_HAL_Driver/Src/stm32f3xx_hal_dac_ex.c ****     /* Enable the DAC DMA underrun interrupt */
 445:Drivers/STM32F3xx_HAL_Driver/Src/stm32f3xx_hal_dac_ex.c ****     __HAL_DAC_ENABLE_IT(hdac, DAC_IT_DMAUDR1);
 446:Drivers/STM32F3xx_HAL_Driver/Src/stm32f3xx_hal_dac_ex.c **** 
 447:Drivers/STM32F3xx_HAL_Driver/Src/stm32f3xx_hal_dac_ex.c ****     /* Enable the DMA Channel */
 448:Drivers/STM32F3xx_HAL_Driver/Src/stm32f3xx_hal_dac_ex.c ****     HAL_DMA_Start_IT(hdac->DMA_Handle1, (uint32_t)pData, tmpreg, Length);
 449:Drivers/STM32F3xx_HAL_Driver/Src/stm32f3xx_hal_dac_ex.c ****   } 
 450:Drivers/STM32F3xx_HAL_Driver/Src/stm32f3xx_hal_dac_ex.c ****   else
 451:Drivers/STM32F3xx_HAL_Driver/Src/stm32f3xx_hal_dac_ex.c ****   {
 452:Drivers/STM32F3xx_HAL_Driver/Src/stm32f3xx_hal_dac_ex.c ****     /* Enable the DAC DMA underrun interrupt */
 453:Drivers/STM32F3xx_HAL_Driver/Src/stm32f3xx_hal_dac_ex.c ****     __HAL_DAC_ENABLE_IT(hdac, DAC_IT_DMAUDR2);
 454:Drivers/STM32F3xx_HAL_Driver/Src/stm32f3xx_hal_dac_ex.c **** 
 455:Drivers/STM32F3xx_HAL_Driver/Src/stm32f3xx_hal_dac_ex.c ****     /* Enable the DMA Channel */
 456:Drivers/STM32F3xx_HAL_Driver/Src/stm32f3xx_hal_dac_ex.c ****     HAL_DMA_Start_IT(hdac->DMA_Handle2, (uint32_t)pData, tmpreg, Length);
 457:Drivers/STM32F3xx_HAL_Driver/Src/stm32f3xx_hal_dac_ex.c ****   }
 458:Drivers/STM32F3xx_HAL_Driver/Src/stm32f3xx_hal_dac_ex.c ****  
 459:Drivers/STM32F3xx_HAL_Driver/Src/stm32f3xx_hal_dac_ex.c ****   /* Process Unlocked */
 460:Drivers/STM32F3xx_HAL_Driver/Src/stm32f3xx_hal_dac_ex.c ****   __HAL_UNLOCK(hdac);
 461:Drivers/STM32F3xx_HAL_Driver/Src/stm32f3xx_hal_dac_ex.c **** 
 462:Drivers/STM32F3xx_HAL_Driver/Src/stm32f3xx_hal_dac_ex.c ****   /* Enable the Peripheral */
 463:Drivers/STM32F3xx_HAL_Driver/Src/stm32f3xx_hal_dac_ex.c ****   __HAL_DAC_ENABLE(hdac, Channel);
 464:Drivers/STM32F3xx_HAL_Driver/Src/stm32f3xx_hal_dac_ex.c ****   
 465:Drivers/STM32F3xx_HAL_Driver/Src/stm32f3xx_hal_dac_ex.c ****   /* Return function status */
 466:Drivers/STM32F3xx_HAL_Driver/Src/stm32f3xx_hal_dac_ex.c ****   return HAL_OK;
 467:Drivers/STM32F3xx_HAL_Driver/Src/stm32f3xx_hal_dac_ex.c **** }
 468:Drivers/STM32F3xx_HAL_Driver/Src/stm32f3xx_hal_dac_ex.c **** #endif /* STM32F303xE || STM32F398xx                || */
 469:Drivers/STM32F3xx_HAL_Driver/Src/stm32f3xx_hal_dac_ex.c ****        /* STM32F303xC || STM32F358xx                || */
 470:Drivers/STM32F3xx_HAL_Driver/Src/stm32f3xx_hal_dac_ex.c ****        /* STM32F303x8 || STM32F334x8 || STM32F328xx || */
 471:Drivers/STM32F3xx_HAL_Driver/Src/stm32f3xx_hal_dac_ex.c ****        /* STM32F373xC || STM32F378xx                   */
 472:Drivers/STM32F3xx_HAL_Driver/Src/stm32f3xx_hal_dac_ex.c **** 
 473:Drivers/STM32F3xx_HAL_Driver/Src/stm32f3xx_hal_dac_ex.c **** #if defined(STM32F302xE) || \
 474:Drivers/STM32F3xx_HAL_Driver/Src/stm32f3xx_hal_dac_ex.c ****     defined(STM32F302xC) || \
 475:Drivers/STM32F3xx_HAL_Driver/Src/stm32f3xx_hal_dac_ex.c ****     defined(STM32F301x8) || defined(STM32F302x8) || defined(STM32F318xx)
 476:Drivers/STM32F3xx_HAL_Driver/Src/stm32f3xx_hal_dac_ex.c **** /* DAC 1 has 1 channel (channel 1U)  */
 477:Drivers/STM32F3xx_HAL_Driver/Src/stm32f3xx_hal_dac_ex.c **** /**
 478:Drivers/STM32F3xx_HAL_Driver/Src/stm32f3xx_hal_dac_ex.c ****   * @brief  Enables DAC and starts conversion of channel.
 479:Drivers/STM32F3xx_HAL_Driver/Src/stm32f3xx_hal_dac_ex.c ****   * @param  hdac pointer to a DAC_HandleTypeDef structure that contains
 480:Drivers/STM32F3xx_HAL_Driver/Src/stm32f3xx_hal_dac_ex.c ****   *         the configuration information for the specified DAC.
 481:Drivers/STM32F3xx_HAL_Driver/Src/stm32f3xx_hal_dac_ex.c ****   * @param  Channel The selected DAC channel. 
 482:Drivers/STM32F3xx_HAL_Driver/Src/stm32f3xx_hal_dac_ex.c ****   *          This parameter can be one of the following values:
 483:Drivers/STM32F3xx_HAL_Driver/Src/stm32f3xx_hal_dac_ex.c ****   *            @arg DAC_CHANNEL_1: DAC1 Channel1 selected
 484:Drivers/STM32F3xx_HAL_Driver/Src/stm32f3xx_hal_dac_ex.c ****   * @param  pData The destination peripheral Buffer address.
 485:Drivers/STM32F3xx_HAL_Driver/Src/stm32f3xx_hal_dac_ex.c ****   * @param  Length The length of data to be transferred from memory to DAC peripheral
 486:Drivers/STM32F3xx_HAL_Driver/Src/stm32f3xx_hal_dac_ex.c ****   * @param  Alignment Specifies the data alignment for DAC channel.
ARM GAS  C:\Users\SHUCHE~1\AppData\Local\Temp\ccVBdqL7.s 			page 10


 487:Drivers/STM32F3xx_HAL_Driver/Src/stm32f3xx_hal_dac_ex.c ****   *          This parameter can be one of the following values:
 488:Drivers/STM32F3xx_HAL_Driver/Src/stm32f3xx_hal_dac_ex.c ****   *            @arg DAC_ALIGN_8B_R: 8bit right data alignment selected
 489:Drivers/STM32F3xx_HAL_Driver/Src/stm32f3xx_hal_dac_ex.c ****   *            @arg DAC_ALIGN_12B_L: 12bit left data alignment selected
 490:Drivers/STM32F3xx_HAL_Driver/Src/stm32f3xx_hal_dac_ex.c ****   *            @arg DAC_ALIGN_12B_R: 12bit right data alignment selected
 491:Drivers/STM32F3xx_HAL_Driver/Src/stm32f3xx_hal_dac_ex.c ****   * @retval HAL status
 492:Drivers/STM32F3xx_HAL_Driver/Src/stm32f3xx_hal_dac_ex.c ****   */
 493:Drivers/STM32F3xx_HAL_Driver/Src/stm32f3xx_hal_dac_ex.c **** HAL_StatusTypeDef HAL_DAC_Start_DMA(DAC_HandleTypeDef* hdac, uint32_t Channel, uint32_t* pData, uin
 494:Drivers/STM32F3xx_HAL_Driver/Src/stm32f3xx_hal_dac_ex.c **** {
 495:Drivers/STM32F3xx_HAL_Driver/Src/stm32f3xx_hal_dac_ex.c ****   uint32_t tmpreg = 0U;
 496:Drivers/STM32F3xx_HAL_Driver/Src/stm32f3xx_hal_dac_ex.c ****     
 497:Drivers/STM32F3xx_HAL_Driver/Src/stm32f3xx_hal_dac_ex.c ****   /* Check the parameters */
 498:Drivers/STM32F3xx_HAL_Driver/Src/stm32f3xx_hal_dac_ex.c ****   assert_param(IS_DAC_CHANNEL_INSTANCE(hdac->Instance, Channel));
 499:Drivers/STM32F3xx_HAL_Driver/Src/stm32f3xx_hal_dac_ex.c ****   assert_param(IS_DAC_ALIGN(Alignment));
 500:Drivers/STM32F3xx_HAL_Driver/Src/stm32f3xx_hal_dac_ex.c ****   
 501:Drivers/STM32F3xx_HAL_Driver/Src/stm32f3xx_hal_dac_ex.c ****   /* Process locked */
 502:Drivers/STM32F3xx_HAL_Driver/Src/stm32f3xx_hal_dac_ex.c ****   __HAL_LOCK(hdac);
 503:Drivers/STM32F3xx_HAL_Driver/Src/stm32f3xx_hal_dac_ex.c ****   
 504:Drivers/STM32F3xx_HAL_Driver/Src/stm32f3xx_hal_dac_ex.c ****   /* Change DAC state */
 505:Drivers/STM32F3xx_HAL_Driver/Src/stm32f3xx_hal_dac_ex.c ****   hdac->State = HAL_DAC_STATE_BUSY;
 506:Drivers/STM32F3xx_HAL_Driver/Src/stm32f3xx_hal_dac_ex.c ****     
 507:Drivers/STM32F3xx_HAL_Driver/Src/stm32f3xx_hal_dac_ex.c ****   /* Set the DMA transfer complete callback for channel1 */
 508:Drivers/STM32F3xx_HAL_Driver/Src/stm32f3xx_hal_dac_ex.c ****   hdac->DMA_Handle1->XferCpltCallback = DAC_DMAConvCpltCh1;
 509:Drivers/STM32F3xx_HAL_Driver/Src/stm32f3xx_hal_dac_ex.c ****   
 510:Drivers/STM32F3xx_HAL_Driver/Src/stm32f3xx_hal_dac_ex.c ****   /* Set the DMA half transfer complete callback for channel1 */
 511:Drivers/STM32F3xx_HAL_Driver/Src/stm32f3xx_hal_dac_ex.c ****   hdac->DMA_Handle1->XferHalfCpltCallback = DAC_DMAHalfConvCpltCh1;
 512:Drivers/STM32F3xx_HAL_Driver/Src/stm32f3xx_hal_dac_ex.c ****     
 513:Drivers/STM32F3xx_HAL_Driver/Src/stm32f3xx_hal_dac_ex.c ****   /* Set the DMA error callback for channel1 */
 514:Drivers/STM32F3xx_HAL_Driver/Src/stm32f3xx_hal_dac_ex.c ****   hdac->DMA_Handle1->XferErrorCallback = DAC_DMAErrorCh1;
 515:Drivers/STM32F3xx_HAL_Driver/Src/stm32f3xx_hal_dac_ex.c **** 
 516:Drivers/STM32F3xx_HAL_Driver/Src/stm32f3xx_hal_dac_ex.c ****   /* Enable the selected DAC channel1 DMA request */
 517:Drivers/STM32F3xx_HAL_Driver/Src/stm32f3xx_hal_dac_ex.c ****   SET_BIT(hdac->Instance->CR, DAC_CR_DMAEN1);
 518:Drivers/STM32F3xx_HAL_Driver/Src/stm32f3xx_hal_dac_ex.c ****     
 519:Drivers/STM32F3xx_HAL_Driver/Src/stm32f3xx_hal_dac_ex.c ****   /* Case of use of channel 1U */
 520:Drivers/STM32F3xx_HAL_Driver/Src/stm32f3xx_hal_dac_ex.c ****   switch(Alignment)
 521:Drivers/STM32F3xx_HAL_Driver/Src/stm32f3xx_hal_dac_ex.c ****   {
 522:Drivers/STM32F3xx_HAL_Driver/Src/stm32f3xx_hal_dac_ex.c ****     case DAC_ALIGN_12B_R:
 523:Drivers/STM32F3xx_HAL_Driver/Src/stm32f3xx_hal_dac_ex.c ****       /* Get DHR12R1 address */
 524:Drivers/STM32F3xx_HAL_Driver/Src/stm32f3xx_hal_dac_ex.c ****       tmpreg = (uint32_t)&hdac->Instance->DHR12R1;
 525:Drivers/STM32F3xx_HAL_Driver/Src/stm32f3xx_hal_dac_ex.c ****       break;
 526:Drivers/STM32F3xx_HAL_Driver/Src/stm32f3xx_hal_dac_ex.c ****     case DAC_ALIGN_12B_L:
 527:Drivers/STM32F3xx_HAL_Driver/Src/stm32f3xx_hal_dac_ex.c ****       /* Get DHR12L1 address */
 528:Drivers/STM32F3xx_HAL_Driver/Src/stm32f3xx_hal_dac_ex.c ****       tmpreg = (uint32_t)&hdac->Instance->DHR12L1;
 529:Drivers/STM32F3xx_HAL_Driver/Src/stm32f3xx_hal_dac_ex.c ****       break;
 530:Drivers/STM32F3xx_HAL_Driver/Src/stm32f3xx_hal_dac_ex.c ****     case DAC_ALIGN_8B_R:
 531:Drivers/STM32F3xx_HAL_Driver/Src/stm32f3xx_hal_dac_ex.c ****       /* Get DHR8R1 address */
 532:Drivers/STM32F3xx_HAL_Driver/Src/stm32f3xx_hal_dac_ex.c ****       tmpreg = (uint32_t)&hdac->Instance->DHR8R1;
 533:Drivers/STM32F3xx_HAL_Driver/Src/stm32f3xx_hal_dac_ex.c ****       break;
 534:Drivers/STM32F3xx_HAL_Driver/Src/stm32f3xx_hal_dac_ex.c ****     default:
 535:Drivers/STM32F3xx_HAL_Driver/Src/stm32f3xx_hal_dac_ex.c ****       break;
 536:Drivers/STM32F3xx_HAL_Driver/Src/stm32f3xx_hal_dac_ex.c ****   }
 537:Drivers/STM32F3xx_HAL_Driver/Src/stm32f3xx_hal_dac_ex.c ****   
 538:Drivers/STM32F3xx_HAL_Driver/Src/stm32f3xx_hal_dac_ex.c ****   /* Enable the DMA Channel */
 539:Drivers/STM32F3xx_HAL_Driver/Src/stm32f3xx_hal_dac_ex.c ****   /* Enable the DAC DMA underrun interrupt */
 540:Drivers/STM32F3xx_HAL_Driver/Src/stm32f3xx_hal_dac_ex.c ****   __HAL_DAC_ENABLE_IT(hdac, DAC_IT_DMAUDR1);
 541:Drivers/STM32F3xx_HAL_Driver/Src/stm32f3xx_hal_dac_ex.c **** 
 542:Drivers/STM32F3xx_HAL_Driver/Src/stm32f3xx_hal_dac_ex.c ****   /* Enable the DMA Channel */
 543:Drivers/STM32F3xx_HAL_Driver/Src/stm32f3xx_hal_dac_ex.c ****   HAL_DMA_Start_IT(hdac->DMA_Handle1, (uint32_t)pData, tmpreg, Length);
ARM GAS  C:\Users\SHUCHE~1\AppData\Local\Temp\ccVBdqL7.s 			page 11


 544:Drivers/STM32F3xx_HAL_Driver/Src/stm32f3xx_hal_dac_ex.c ****  
 545:Drivers/STM32F3xx_HAL_Driver/Src/stm32f3xx_hal_dac_ex.c ****   /* Process Unlocked */
 546:Drivers/STM32F3xx_HAL_Driver/Src/stm32f3xx_hal_dac_ex.c ****   __HAL_UNLOCK(hdac);
 547:Drivers/STM32F3xx_HAL_Driver/Src/stm32f3xx_hal_dac_ex.c **** 
 548:Drivers/STM32F3xx_HAL_Driver/Src/stm32f3xx_hal_dac_ex.c ****   /* Enable the Peripheral */
 549:Drivers/STM32F3xx_HAL_Driver/Src/stm32f3xx_hal_dac_ex.c ****   __HAL_DAC_ENABLE(hdac, Channel); 
 550:Drivers/STM32F3xx_HAL_Driver/Src/stm32f3xx_hal_dac_ex.c ****  
 551:Drivers/STM32F3xx_HAL_Driver/Src/stm32f3xx_hal_dac_ex.c ****   /* Return function status */
 552:Drivers/STM32F3xx_HAL_Driver/Src/stm32f3xx_hal_dac_ex.c ****   return HAL_OK;
 553:Drivers/STM32F3xx_HAL_Driver/Src/stm32f3xx_hal_dac_ex.c **** }
 554:Drivers/STM32F3xx_HAL_Driver/Src/stm32f3xx_hal_dac_ex.c **** #endif /* STM32F302xE                               || */
 555:Drivers/STM32F3xx_HAL_Driver/Src/stm32f3xx_hal_dac_ex.c ****        /* STM32F302xC                               || */
 556:Drivers/STM32F3xx_HAL_Driver/Src/stm32f3xx_hal_dac_ex.c ****        /* STM32F301x8 || STM32F302x8 || STM32F318xx    */
 557:Drivers/STM32F3xx_HAL_Driver/Src/stm32f3xx_hal_dac_ex.c **** 
 558:Drivers/STM32F3xx_HAL_Driver/Src/stm32f3xx_hal_dac_ex.c **** /* DAC 1 has 2 channels 1U & 2U - DAC 2 has one channel 1U */
 559:Drivers/STM32F3xx_HAL_Driver/Src/stm32f3xx_hal_dac_ex.c **** #if  defined(STM32F303xE) || defined(STM32F398xx)                         || \
 560:Drivers/STM32F3xx_HAL_Driver/Src/stm32f3xx_hal_dac_ex.c ****      defined(STM32F303xC) || defined(STM32F358xx)                         || \
 561:Drivers/STM32F3xx_HAL_Driver/Src/stm32f3xx_hal_dac_ex.c ****      defined(STM32F303x8) || defined(STM32F334x8) || defined(STM32F328xx) || \
 562:Drivers/STM32F3xx_HAL_Driver/Src/stm32f3xx_hal_dac_ex.c ****      defined(STM32F373xC) || defined(STM32F378xx)
 563:Drivers/STM32F3xx_HAL_Driver/Src/stm32f3xx_hal_dac_ex.c **** /* DAC 1 has 2 channels 1U & 2U */
 564:Drivers/STM32F3xx_HAL_Driver/Src/stm32f3xx_hal_dac_ex.c **** /**
 565:Drivers/STM32F3xx_HAL_Driver/Src/stm32f3xx_hal_dac_ex.c ****   * @brief  Returns the last data output value of the selected DAC channel.
 566:Drivers/STM32F3xx_HAL_Driver/Src/stm32f3xx_hal_dac_ex.c ****   * @param  hdac pointer to a DAC_HandleTypeDef structure that contains
 567:Drivers/STM32F3xx_HAL_Driver/Src/stm32f3xx_hal_dac_ex.c ****   *         the configuration information for the specified DAC.
 568:Drivers/STM32F3xx_HAL_Driver/Src/stm32f3xx_hal_dac_ex.c ****   * @param  Channel The selected DAC channel. 
 569:Drivers/STM32F3xx_HAL_Driver/Src/stm32f3xx_hal_dac_ex.c ****   *          This parameter can be one of the following values:
 570:Drivers/STM32F3xx_HAL_Driver/Src/stm32f3xx_hal_dac_ex.c ****   *            @arg DAC_CHANNEL_1: DAC1 Channel1 selected
 571:Drivers/STM32F3xx_HAL_Driver/Src/stm32f3xx_hal_dac_ex.c ****   *            @arg DAC_CHANNEL_2: DAC1 Channel2 selected
 572:Drivers/STM32F3xx_HAL_Driver/Src/stm32f3xx_hal_dac_ex.c ****   * @retval The selected DAC channel data output value.
 573:Drivers/STM32F3xx_HAL_Driver/Src/stm32f3xx_hal_dac_ex.c ****   */
 574:Drivers/STM32F3xx_HAL_Driver/Src/stm32f3xx_hal_dac_ex.c **** uint32_t HAL_DAC_GetValue(DAC_HandleTypeDef* hdac, uint32_t Channel)
 575:Drivers/STM32F3xx_HAL_Driver/Src/stm32f3xx_hal_dac_ex.c **** {
 576:Drivers/STM32F3xx_HAL_Driver/Src/stm32f3xx_hal_dac_ex.c ****   /* Check the parameters */
 577:Drivers/STM32F3xx_HAL_Driver/Src/stm32f3xx_hal_dac_ex.c ****   assert_param(IS_DAC_CHANNEL_INSTANCE(hdac->Instance, Channel));
 578:Drivers/STM32F3xx_HAL_Driver/Src/stm32f3xx_hal_dac_ex.c ****   
 579:Drivers/STM32F3xx_HAL_Driver/Src/stm32f3xx_hal_dac_ex.c ****   /* Returns the DAC channel data output register value */
 580:Drivers/STM32F3xx_HAL_Driver/Src/stm32f3xx_hal_dac_ex.c ****   if(Channel == DAC_CHANNEL_1) 
 581:Drivers/STM32F3xx_HAL_Driver/Src/stm32f3xx_hal_dac_ex.c ****   {
 582:Drivers/STM32F3xx_HAL_Driver/Src/stm32f3xx_hal_dac_ex.c ****     return hdac->Instance->DOR1;
 583:Drivers/STM32F3xx_HAL_Driver/Src/stm32f3xx_hal_dac_ex.c ****   }
 584:Drivers/STM32F3xx_HAL_Driver/Src/stm32f3xx_hal_dac_ex.c ****   else /* channel = DAC_CHANNEL_2  */
 585:Drivers/STM32F3xx_HAL_Driver/Src/stm32f3xx_hal_dac_ex.c ****   {
 586:Drivers/STM32F3xx_HAL_Driver/Src/stm32f3xx_hal_dac_ex.c ****     return hdac->Instance->DOR2;
 587:Drivers/STM32F3xx_HAL_Driver/Src/stm32f3xx_hal_dac_ex.c ****   }
 588:Drivers/STM32F3xx_HAL_Driver/Src/stm32f3xx_hal_dac_ex.c **** }
 589:Drivers/STM32F3xx_HAL_Driver/Src/stm32f3xx_hal_dac_ex.c **** #endif /* STM32F303xE || STM32F398xx                || */
 590:Drivers/STM32F3xx_HAL_Driver/Src/stm32f3xx_hal_dac_ex.c ****        /* STM32F303xC || STM32F358xx                || */
 591:Drivers/STM32F3xx_HAL_Driver/Src/stm32f3xx_hal_dac_ex.c ****        /* STM32F303x8 || STM32F334x8 || STM32F328xx || */
 592:Drivers/STM32F3xx_HAL_Driver/Src/stm32f3xx_hal_dac_ex.c ****        /* STM32F373xC || STM32F378xx                   */
 593:Drivers/STM32F3xx_HAL_Driver/Src/stm32f3xx_hal_dac_ex.c **** 
 594:Drivers/STM32F3xx_HAL_Driver/Src/stm32f3xx_hal_dac_ex.c **** #if defined(STM32F302xE) || \
 595:Drivers/STM32F3xx_HAL_Driver/Src/stm32f3xx_hal_dac_ex.c ****     defined(STM32F302xC) || \
 596:Drivers/STM32F3xx_HAL_Driver/Src/stm32f3xx_hal_dac_ex.c ****     defined(STM32F301x8) || defined(STM32F302x8) || defined(STM32F318xx)
 597:Drivers/STM32F3xx_HAL_Driver/Src/stm32f3xx_hal_dac_ex.c **** /* DAC 1 has 1 channel (channel 1U)  */
 598:Drivers/STM32F3xx_HAL_Driver/Src/stm32f3xx_hal_dac_ex.c **** /**
 599:Drivers/STM32F3xx_HAL_Driver/Src/stm32f3xx_hal_dac_ex.c ****   * @brief  Returns the last data output value of the selected DAC channel.
 600:Drivers/STM32F3xx_HAL_Driver/Src/stm32f3xx_hal_dac_ex.c ****   * @param  hdac pointer to a DAC_HandleTypeDef structure that contains
ARM GAS  C:\Users\SHUCHE~1\AppData\Local\Temp\ccVBdqL7.s 			page 12


 601:Drivers/STM32F3xx_HAL_Driver/Src/stm32f3xx_hal_dac_ex.c ****   *         the configuration information for the specified DAC.
 602:Drivers/STM32F3xx_HAL_Driver/Src/stm32f3xx_hal_dac_ex.c ****   * @param  channel The selected DAC channel. 
 603:Drivers/STM32F3xx_HAL_Driver/Src/stm32f3xx_hal_dac_ex.c ****   *          This parameter can be one of the following values:
 604:Drivers/STM32F3xx_HAL_Driver/Src/stm32f3xx_hal_dac_ex.c ****   *            @arg DAC_CHANNEL_1: DAC1 Channel1 selected
 605:Drivers/STM32F3xx_HAL_Driver/Src/stm32f3xx_hal_dac_ex.c ****   * @retval The selected DAC channel data output value.
 606:Drivers/STM32F3xx_HAL_Driver/Src/stm32f3xx_hal_dac_ex.c ****   */
 607:Drivers/STM32F3xx_HAL_Driver/Src/stm32f3xx_hal_dac_ex.c **** uint32_t HAL_DAC_GetValue(DAC_HandleTypeDef* hdac, uint32_t Channel)
 608:Drivers/STM32F3xx_HAL_Driver/Src/stm32f3xx_hal_dac_ex.c **** {
 609:Drivers/STM32F3xx_HAL_Driver/Src/stm32f3xx_hal_dac_ex.c ****   /* Check the parameters */
 610:Drivers/STM32F3xx_HAL_Driver/Src/stm32f3xx_hal_dac_ex.c ****   assert_param(IS_DAC_CHANNEL_INSTANCE(hdac->Instance, Channel));
 611:Drivers/STM32F3xx_HAL_Driver/Src/stm32f3xx_hal_dac_ex.c ****   
 612:Drivers/STM32F3xx_HAL_Driver/Src/stm32f3xx_hal_dac_ex.c ****   /* Returns the DAC channel data output register value */
 613:Drivers/STM32F3xx_HAL_Driver/Src/stm32f3xx_hal_dac_ex.c ****   return hdac->Instance->DOR1;
 614:Drivers/STM32F3xx_HAL_Driver/Src/stm32f3xx_hal_dac_ex.c **** }
 615:Drivers/STM32F3xx_HAL_Driver/Src/stm32f3xx_hal_dac_ex.c **** #endif /* STM32F302xE                               || */
 616:Drivers/STM32F3xx_HAL_Driver/Src/stm32f3xx_hal_dac_ex.c ****        /* STM32F302xC                               || */
 617:Drivers/STM32F3xx_HAL_Driver/Src/stm32f3xx_hal_dac_ex.c ****        /* STM32F301x8 || STM32F302x8 || STM32F318xx    */
 618:Drivers/STM32F3xx_HAL_Driver/Src/stm32f3xx_hal_dac_ex.c **** 
 619:Drivers/STM32F3xx_HAL_Driver/Src/stm32f3xx_hal_dac_ex.c **** /**
 620:Drivers/STM32F3xx_HAL_Driver/Src/stm32f3xx_hal_dac_ex.c ****   * @brief  Return the last data output value of the selected DAC channel.
 621:Drivers/STM32F3xx_HAL_Driver/Src/stm32f3xx_hal_dac_ex.c ****   * @param  hdac pointer to a DAC_HandleTypeDef structure that contains
 622:Drivers/STM32F3xx_HAL_Driver/Src/stm32f3xx_hal_dac_ex.c ****   *         the configuration information for the specified DAC.
 623:Drivers/STM32F3xx_HAL_Driver/Src/stm32f3xx_hal_dac_ex.c ****   * @retval The selected DAC channel data output value.
 624:Drivers/STM32F3xx_HAL_Driver/Src/stm32f3xx_hal_dac_ex.c ****   */
 625:Drivers/STM32F3xx_HAL_Driver/Src/stm32f3xx_hal_dac_ex.c **** uint32_t HAL_DACEx_DualGetValue(DAC_HandleTypeDef* hdac)
 626:Drivers/STM32F3xx_HAL_Driver/Src/stm32f3xx_hal_dac_ex.c **** {
 627:Drivers/STM32F3xx_HAL_Driver/Src/stm32f3xx_hal_dac_ex.c ****   uint32_t tmp = 0U;
 628:Drivers/STM32F3xx_HAL_Driver/Src/stm32f3xx_hal_dac_ex.c **** 
 629:Drivers/STM32F3xx_HAL_Driver/Src/stm32f3xx_hal_dac_ex.c ****   tmp |= hdac->Instance->DOR1;
 630:Drivers/STM32F3xx_HAL_Driver/Src/stm32f3xx_hal_dac_ex.c **** 
 631:Drivers/STM32F3xx_HAL_Driver/Src/stm32f3xx_hal_dac_ex.c **** #if  defined(STM32F303xE) || defined(STM32F398xx)                         || \
 632:Drivers/STM32F3xx_HAL_Driver/Src/stm32f3xx_hal_dac_ex.c ****      defined(STM32F303xC) || defined(STM32F358xx)                         || \
 633:Drivers/STM32F3xx_HAL_Driver/Src/stm32f3xx_hal_dac_ex.c ****      defined(STM32F303x8) || defined(STM32F334x8) || defined(STM32F328xx) || \
 634:Drivers/STM32F3xx_HAL_Driver/Src/stm32f3xx_hal_dac_ex.c ****      defined(STM32F373xC) || defined(STM32F378xx)
 635:Drivers/STM32F3xx_HAL_Driver/Src/stm32f3xx_hal_dac_ex.c **** /* DAC channel 2 is present in DAC 1U */
 636:Drivers/STM32F3xx_HAL_Driver/Src/stm32f3xx_hal_dac_ex.c ****   tmp |= hdac->Instance->DOR2 << 16U;
 637:Drivers/STM32F3xx_HAL_Driver/Src/stm32f3xx_hal_dac_ex.c **** #endif /* STM32F303xE || STM32F398xx                || */
 638:Drivers/STM32F3xx_HAL_Driver/Src/stm32f3xx_hal_dac_ex.c ****        /* STM32F303xC || STM32F358xx                || */
 639:Drivers/STM32F3xx_HAL_Driver/Src/stm32f3xx_hal_dac_ex.c ****        /* STM32F303x8 || STM32F334x8 || STM32F328xx || */
 640:Drivers/STM32F3xx_HAL_Driver/Src/stm32f3xx_hal_dac_ex.c ****        /* STM32F373xC || STM32F378xx                   */
 641:Drivers/STM32F3xx_HAL_Driver/Src/stm32f3xx_hal_dac_ex.c **** 
 642:Drivers/STM32F3xx_HAL_Driver/Src/stm32f3xx_hal_dac_ex.c ****   /* Returns the DAC channel data output register value */
 643:Drivers/STM32F3xx_HAL_Driver/Src/stm32f3xx_hal_dac_ex.c ****   return tmp;
 644:Drivers/STM32F3xx_HAL_Driver/Src/stm32f3xx_hal_dac_ex.c **** }
 645:Drivers/STM32F3xx_HAL_Driver/Src/stm32f3xx_hal_dac_ex.c **** 
 646:Drivers/STM32F3xx_HAL_Driver/Src/stm32f3xx_hal_dac_ex.c **** #if  defined(STM32F303xE) || defined(STM32F398xx)                         || \
 647:Drivers/STM32F3xx_HAL_Driver/Src/stm32f3xx_hal_dac_ex.c ****      defined(STM32F303xC) || defined(STM32F358xx)                         || \
 648:Drivers/STM32F3xx_HAL_Driver/Src/stm32f3xx_hal_dac_ex.c ****      defined(STM32F303x8) || defined(STM32F334x8) || defined(STM32F328xx) || \
 649:Drivers/STM32F3xx_HAL_Driver/Src/stm32f3xx_hal_dac_ex.c ****      defined(STM32F373xC) || defined(STM32F378xx)
 650:Drivers/STM32F3xx_HAL_Driver/Src/stm32f3xx_hal_dac_ex.c **** /* DAC channel 2 is available on top of DAC channel 1U */
 651:Drivers/STM32F3xx_HAL_Driver/Src/stm32f3xx_hal_dac_ex.c **** /**
 652:Drivers/STM32F3xx_HAL_Driver/Src/stm32f3xx_hal_dac_ex.c ****   * @brief  Handles DAC interrupt request
 653:Drivers/STM32F3xx_HAL_Driver/Src/stm32f3xx_hal_dac_ex.c ****   *         This function uses the interruption of DMA
 654:Drivers/STM32F3xx_HAL_Driver/Src/stm32f3xx_hal_dac_ex.c ****   *         underrun.  
 655:Drivers/STM32F3xx_HAL_Driver/Src/stm32f3xx_hal_dac_ex.c ****   * @param  hdac pointer to a DAC_HandleTypeDef structure that contains
 656:Drivers/STM32F3xx_HAL_Driver/Src/stm32f3xx_hal_dac_ex.c ****   *         the configuration information for the specified DAC.
 657:Drivers/STM32F3xx_HAL_Driver/Src/stm32f3xx_hal_dac_ex.c ****   * @retval None
ARM GAS  C:\Users\SHUCHE~1\AppData\Local\Temp\ccVBdqL7.s 			page 13


 658:Drivers/STM32F3xx_HAL_Driver/Src/stm32f3xx_hal_dac_ex.c ****   */
 659:Drivers/STM32F3xx_HAL_Driver/Src/stm32f3xx_hal_dac_ex.c **** void HAL_DAC_IRQHandler(struct __DAC_HandleTypeDef* hdac)
 660:Drivers/STM32F3xx_HAL_Driver/Src/stm32f3xx_hal_dac_ex.c **** {
 661:Drivers/STM32F3xx_HAL_Driver/Src/stm32f3xx_hal_dac_ex.c ****   if(__HAL_DAC_GET_IT_SOURCE(hdac, DAC_IT_DMAUDR1))
 662:Drivers/STM32F3xx_HAL_Driver/Src/stm32f3xx_hal_dac_ex.c ****   { 
 663:Drivers/STM32F3xx_HAL_Driver/Src/stm32f3xx_hal_dac_ex.c ****     /* Check underrun flag of DAC channel 1U */
 664:Drivers/STM32F3xx_HAL_Driver/Src/stm32f3xx_hal_dac_ex.c ****     if(__HAL_DAC_GET_FLAG(hdac, DAC_FLAG_DMAUDR1))
 665:Drivers/STM32F3xx_HAL_Driver/Src/stm32f3xx_hal_dac_ex.c ****     {
 666:Drivers/STM32F3xx_HAL_Driver/Src/stm32f3xx_hal_dac_ex.c ****       /* Change DAC state to error state */
 667:Drivers/STM32F3xx_HAL_Driver/Src/stm32f3xx_hal_dac_ex.c ****       hdac->State = HAL_DAC_STATE_ERROR;
 668:Drivers/STM32F3xx_HAL_Driver/Src/stm32f3xx_hal_dac_ex.c ****     
 669:Drivers/STM32F3xx_HAL_Driver/Src/stm32f3xx_hal_dac_ex.c ****       /* Set DAC error code to chanel1 DMA underrun error */
 670:Drivers/STM32F3xx_HAL_Driver/Src/stm32f3xx_hal_dac_ex.c ****       SET_BIT(hdac->ErrorCode, HAL_DAC_ERROR_DMAUNDERRUNCH1);
 671:Drivers/STM32F3xx_HAL_Driver/Src/stm32f3xx_hal_dac_ex.c ****           
 672:Drivers/STM32F3xx_HAL_Driver/Src/stm32f3xx_hal_dac_ex.c ****       /* Clear the underrun flag */
 673:Drivers/STM32F3xx_HAL_Driver/Src/stm32f3xx_hal_dac_ex.c ****       __HAL_DAC_CLEAR_FLAG(hdac,DAC_FLAG_DMAUDR1);
 674:Drivers/STM32F3xx_HAL_Driver/Src/stm32f3xx_hal_dac_ex.c ****     
 675:Drivers/STM32F3xx_HAL_Driver/Src/stm32f3xx_hal_dac_ex.c ****       /* Disable the selected DAC channel1 DMA request */
 676:Drivers/STM32F3xx_HAL_Driver/Src/stm32f3xx_hal_dac_ex.c ****       CLEAR_BIT(hdac->Instance->CR, DAC_CR_DMAEN1);
 677:Drivers/STM32F3xx_HAL_Driver/Src/stm32f3xx_hal_dac_ex.c ****     
 678:Drivers/STM32F3xx_HAL_Driver/Src/stm32f3xx_hal_dac_ex.c ****       /* Error callback */ 
 679:Drivers/STM32F3xx_HAL_Driver/Src/stm32f3xx_hal_dac_ex.c **** #if (USE_HAL_DAC_REGISTER_CALLBACKS == 1)
 680:Drivers/STM32F3xx_HAL_Driver/Src/stm32f3xx_hal_dac_ex.c ****       hdac->DMAUnderrunCallbackCh1(hdac);
 681:Drivers/STM32F3xx_HAL_Driver/Src/stm32f3xx_hal_dac_ex.c **** #else
 682:Drivers/STM32F3xx_HAL_Driver/Src/stm32f3xx_hal_dac_ex.c ****       HAL_DAC_DMAUnderrunCallbackCh1(hdac);
 683:Drivers/STM32F3xx_HAL_Driver/Src/stm32f3xx_hal_dac_ex.c **** #endif
 684:Drivers/STM32F3xx_HAL_Driver/Src/stm32f3xx_hal_dac_ex.c ****     }
 685:Drivers/STM32F3xx_HAL_Driver/Src/stm32f3xx_hal_dac_ex.c ****   }
 686:Drivers/STM32F3xx_HAL_Driver/Src/stm32f3xx_hal_dac_ex.c ****   
 687:Drivers/STM32F3xx_HAL_Driver/Src/stm32f3xx_hal_dac_ex.c ****   if(__HAL_DAC_GET_IT_SOURCE(hdac, DAC_IT_DMAUDR2))
 688:Drivers/STM32F3xx_HAL_Driver/Src/stm32f3xx_hal_dac_ex.c ****   {
 689:Drivers/STM32F3xx_HAL_Driver/Src/stm32f3xx_hal_dac_ex.c ****     /* Check underrun flag of DAC channel 2 */
 690:Drivers/STM32F3xx_HAL_Driver/Src/stm32f3xx_hal_dac_ex.c ****     if (__HAL_DAC_GET_FLAG(hdac, DAC_FLAG_DMAUDR2))
 691:Drivers/STM32F3xx_HAL_Driver/Src/stm32f3xx_hal_dac_ex.c ****     {
 692:Drivers/STM32F3xx_HAL_Driver/Src/stm32f3xx_hal_dac_ex.c ****       /* Change DAC state to error state */
 693:Drivers/STM32F3xx_HAL_Driver/Src/stm32f3xx_hal_dac_ex.c ****       hdac->State = HAL_DAC_STATE_ERROR;
 694:Drivers/STM32F3xx_HAL_Driver/Src/stm32f3xx_hal_dac_ex.c ****     
 695:Drivers/STM32F3xx_HAL_Driver/Src/stm32f3xx_hal_dac_ex.c ****       /* Set DAC error code to channel2 DMA underrun error */
 696:Drivers/STM32F3xx_HAL_Driver/Src/stm32f3xx_hal_dac_ex.c ****       SET_BIT(hdac->ErrorCode, HAL_DAC_ERROR_DMAUNDERRUNCH2);
 697:Drivers/STM32F3xx_HAL_Driver/Src/stm32f3xx_hal_dac_ex.c ****     
 698:Drivers/STM32F3xx_HAL_Driver/Src/stm32f3xx_hal_dac_ex.c ****       /* Clear the underrun flag */
 699:Drivers/STM32F3xx_HAL_Driver/Src/stm32f3xx_hal_dac_ex.c ****       __HAL_DAC_CLEAR_FLAG(hdac,DAC_FLAG_DMAUDR2);
 700:Drivers/STM32F3xx_HAL_Driver/Src/stm32f3xx_hal_dac_ex.c ****     
 701:Drivers/STM32F3xx_HAL_Driver/Src/stm32f3xx_hal_dac_ex.c ****       /* Disable the selected DAC channel1 DMA request */
 702:Drivers/STM32F3xx_HAL_Driver/Src/stm32f3xx_hal_dac_ex.c ****       CLEAR_BIT(hdac->Instance->CR, DAC_CR_DMAEN2);
 703:Drivers/STM32F3xx_HAL_Driver/Src/stm32f3xx_hal_dac_ex.c ****    
 704:Drivers/STM32F3xx_HAL_Driver/Src/stm32f3xx_hal_dac_ex.c ****       /* Error callback */
 705:Drivers/STM32F3xx_HAL_Driver/Src/stm32f3xx_hal_dac_ex.c **** #if (USE_HAL_DAC_REGISTER_CALLBACKS == 1)
 706:Drivers/STM32F3xx_HAL_Driver/Src/stm32f3xx_hal_dac_ex.c ****       hdac->DMAUnderrunCallbackCh2(hdac);
 707:Drivers/STM32F3xx_HAL_Driver/Src/stm32f3xx_hal_dac_ex.c **** #else
 708:Drivers/STM32F3xx_HAL_Driver/Src/stm32f3xx_hal_dac_ex.c ****       HAL_DACEx_DMAUnderrunCallbackCh2(hdac);
 709:Drivers/STM32F3xx_HAL_Driver/Src/stm32f3xx_hal_dac_ex.c **** #endif
 710:Drivers/STM32F3xx_HAL_Driver/Src/stm32f3xx_hal_dac_ex.c ****     }
 711:Drivers/STM32F3xx_HAL_Driver/Src/stm32f3xx_hal_dac_ex.c ****   }
 712:Drivers/STM32F3xx_HAL_Driver/Src/stm32f3xx_hal_dac_ex.c **** }
 713:Drivers/STM32F3xx_HAL_Driver/Src/stm32f3xx_hal_dac_ex.c **** #endif /* STM32F303xE || STM32F398xx                || */
 714:Drivers/STM32F3xx_HAL_Driver/Src/stm32f3xx_hal_dac_ex.c ****        /* STM32F303xC || STM32F358xx                || */
ARM GAS  C:\Users\SHUCHE~1\AppData\Local\Temp\ccVBdqL7.s 			page 14


 715:Drivers/STM32F3xx_HAL_Driver/Src/stm32f3xx_hal_dac_ex.c ****        /* STM32F303x8 || STM32F334x8 || STM32F328xx || */
 716:Drivers/STM32F3xx_HAL_Driver/Src/stm32f3xx_hal_dac_ex.c ****        /* STM32F373xC || STM32F378xx                   */
 717:Drivers/STM32F3xx_HAL_Driver/Src/stm32f3xx_hal_dac_ex.c **** 
 718:Drivers/STM32F3xx_HAL_Driver/Src/stm32f3xx_hal_dac_ex.c **** #if defined(STM32F302xE) || \
 719:Drivers/STM32F3xx_HAL_Driver/Src/stm32f3xx_hal_dac_ex.c ****     defined(STM32F302xC) || \
 720:Drivers/STM32F3xx_HAL_Driver/Src/stm32f3xx_hal_dac_ex.c ****     defined(STM32F301x8) || defined(STM32F302x8) || defined(STM32F318xx)
 721:Drivers/STM32F3xx_HAL_Driver/Src/stm32f3xx_hal_dac_ex.c **** /* DAC channel 2 is NOT available. Only DAC channel 1 is available */
 722:Drivers/STM32F3xx_HAL_Driver/Src/stm32f3xx_hal_dac_ex.c **** /**
 723:Drivers/STM32F3xx_HAL_Driver/Src/stm32f3xx_hal_dac_ex.c ****   * @brief  Handles DAC interrupt request
 724:Drivers/STM32F3xx_HAL_Driver/Src/stm32f3xx_hal_dac_ex.c ****   *         This function uses the interruption of DMA
 725:Drivers/STM32F3xx_HAL_Driver/Src/stm32f3xx_hal_dac_ex.c ****   *         underrun.  
 726:Drivers/STM32F3xx_HAL_Driver/Src/stm32f3xx_hal_dac_ex.c ****   * @param  hdac pointer to a DAC_HandleTypeDef structure that contains
 727:Drivers/STM32F3xx_HAL_Driver/Src/stm32f3xx_hal_dac_ex.c ****   *         the configuration information for the specified DAC.
 728:Drivers/STM32F3xx_HAL_Driver/Src/stm32f3xx_hal_dac_ex.c ****   * @retval None
 729:Drivers/STM32F3xx_HAL_Driver/Src/stm32f3xx_hal_dac_ex.c ****   */
 730:Drivers/STM32F3xx_HAL_Driver/Src/stm32f3xx_hal_dac_ex.c **** void HAL_DAC_IRQHandler(struct __DAC_HandleTypeDef* hdac)
 731:Drivers/STM32F3xx_HAL_Driver/Src/stm32f3xx_hal_dac_ex.c **** {
 732:Drivers/STM32F3xx_HAL_Driver/Src/stm32f3xx_hal_dac_ex.c ****   if(__HAL_DAC_GET_IT_SOURCE(hdac, DAC_IT_DMAUDR1))
 733:Drivers/STM32F3xx_HAL_Driver/Src/stm32f3xx_hal_dac_ex.c ****   {  
 734:Drivers/STM32F3xx_HAL_Driver/Src/stm32f3xx_hal_dac_ex.c ****     /* Check underrun flag of DAC channel 1U */
 735:Drivers/STM32F3xx_HAL_Driver/Src/stm32f3xx_hal_dac_ex.c ****     if(__HAL_DAC_GET_FLAG(hdac, DAC_FLAG_DMAUDR1))
 736:Drivers/STM32F3xx_HAL_Driver/Src/stm32f3xx_hal_dac_ex.c ****     {
 737:Drivers/STM32F3xx_HAL_Driver/Src/stm32f3xx_hal_dac_ex.c ****       /* Change DAC state to error state */
 738:Drivers/STM32F3xx_HAL_Driver/Src/stm32f3xx_hal_dac_ex.c ****       hdac->State = HAL_DAC_STATE_ERROR;
 739:Drivers/STM32F3xx_HAL_Driver/Src/stm32f3xx_hal_dac_ex.c ****     
 740:Drivers/STM32F3xx_HAL_Driver/Src/stm32f3xx_hal_dac_ex.c ****       /* Set DAC error code to chanel1 DMA underrun error */
 741:Drivers/STM32F3xx_HAL_Driver/Src/stm32f3xx_hal_dac_ex.c ****       SET_BIT(hdac->ErrorCode, HAL_DAC_ERROR_DMAUNDERRUNCH1);
 742:Drivers/STM32F3xx_HAL_Driver/Src/stm32f3xx_hal_dac_ex.c ****     
 743:Drivers/STM32F3xx_HAL_Driver/Src/stm32f3xx_hal_dac_ex.c ****       /* Clear the underrun flag */
 744:Drivers/STM32F3xx_HAL_Driver/Src/stm32f3xx_hal_dac_ex.c ****       __HAL_DAC_CLEAR_FLAG(hdac,DAC_FLAG_DMAUDR1);
 745:Drivers/STM32F3xx_HAL_Driver/Src/stm32f3xx_hal_dac_ex.c ****     
 746:Drivers/STM32F3xx_HAL_Driver/Src/stm32f3xx_hal_dac_ex.c ****       /* Disable the selected DAC channel1 DMA request */
 747:Drivers/STM32F3xx_HAL_Driver/Src/stm32f3xx_hal_dac_ex.c ****       CLEAR_BIT(hdac->Instance->CR, DAC_CR_DMAEN1);
 748:Drivers/STM32F3xx_HAL_Driver/Src/stm32f3xx_hal_dac_ex.c ****     
 749:Drivers/STM32F3xx_HAL_Driver/Src/stm32f3xx_hal_dac_ex.c ****       /* Error callback */ 
 750:Drivers/STM32F3xx_HAL_Driver/Src/stm32f3xx_hal_dac_ex.c ****       HAL_DAC_DMAUnderrunCallbackCh1(hdac);
 751:Drivers/STM32F3xx_HAL_Driver/Src/stm32f3xx_hal_dac_ex.c ****     }
 752:Drivers/STM32F3xx_HAL_Driver/Src/stm32f3xx_hal_dac_ex.c ****   }
 753:Drivers/STM32F3xx_HAL_Driver/Src/stm32f3xx_hal_dac_ex.c **** }
 754:Drivers/STM32F3xx_HAL_Driver/Src/stm32f3xx_hal_dac_ex.c **** #endif /* STM32F302xE                               || */
 755:Drivers/STM32F3xx_HAL_Driver/Src/stm32f3xx_hal_dac_ex.c ****        /* STM32F302xC                               || */
 756:Drivers/STM32F3xx_HAL_Driver/Src/stm32f3xx_hal_dac_ex.c ****        /* STM32F301x8 || STM32F302x8 || STM32F318xx    */
 757:Drivers/STM32F3xx_HAL_Driver/Src/stm32f3xx_hal_dac_ex.c **** 
 758:Drivers/STM32F3xx_HAL_Driver/Src/stm32f3xx_hal_dac_ex.c **** /**
 759:Drivers/STM32F3xx_HAL_Driver/Src/stm32f3xx_hal_dac_ex.c ****   * @brief  Configures the selected DAC channel.
 760:Drivers/STM32F3xx_HAL_Driver/Src/stm32f3xx_hal_dac_ex.c ****   * @param  hdac pointer to a DAC_HandleTypeDef structure that contains
 761:Drivers/STM32F3xx_HAL_Driver/Src/stm32f3xx_hal_dac_ex.c ****   *         the configuration information for the specified DAC.
 762:Drivers/STM32F3xx_HAL_Driver/Src/stm32f3xx_hal_dac_ex.c ****   * @param  sConfig DAC configuration structure.
 763:Drivers/STM32F3xx_HAL_Driver/Src/stm32f3xx_hal_dac_ex.c ****   * @param  Channel The selected DAC channel. 
 764:Drivers/STM32F3xx_HAL_Driver/Src/stm32f3xx_hal_dac_ex.c ****   *          This parameter can be one of the following values:
 765:Drivers/STM32F3xx_HAL_Driver/Src/stm32f3xx_hal_dac_ex.c ****   *            @arg DAC_CHANNEL_1: DAC1 Channel1 selected
 766:Drivers/STM32F3xx_HAL_Driver/Src/stm32f3xx_hal_dac_ex.c ****   *            @arg DAC_CHANNEL_2: DAC1 Channel2 selected  
 767:Drivers/STM32F3xx_HAL_Driver/Src/stm32f3xx_hal_dac_ex.c ****   *            @arg DAC_CHANNEL_1: DAC2 Channel1 selected 
 768:Drivers/STM32F3xx_HAL_Driver/Src/stm32f3xx_hal_dac_ex.c ****   * @retval HAL status
 769:Drivers/STM32F3xx_HAL_Driver/Src/stm32f3xx_hal_dac_ex.c ****   */
 770:Drivers/STM32F3xx_HAL_Driver/Src/stm32f3xx_hal_dac_ex.c **** 
 771:Drivers/STM32F3xx_HAL_Driver/Src/stm32f3xx_hal_dac_ex.c **** HAL_StatusTypeDef HAL_DAC_ConfigChannel(DAC_HandleTypeDef* hdac, DAC_ChannelConfTypeDef* sConfig, u
ARM GAS  C:\Users\SHUCHE~1\AppData\Local\Temp\ccVBdqL7.s 			page 15


 772:Drivers/STM32F3xx_HAL_Driver/Src/stm32f3xx_hal_dac_ex.c **** {
 773:Drivers/STM32F3xx_HAL_Driver/Src/stm32f3xx_hal_dac_ex.c ****   uint32_t tmpreg1 = 0U, tmpreg2 = 0U;
 774:Drivers/STM32F3xx_HAL_Driver/Src/stm32f3xx_hal_dac_ex.c **** 
 775:Drivers/STM32F3xx_HAL_Driver/Src/stm32f3xx_hal_dac_ex.c ****   /* Check the DAC parameters */
 776:Drivers/STM32F3xx_HAL_Driver/Src/stm32f3xx_hal_dac_ex.c ****   assert_param(IS_DAC_TRIGGER(sConfig->DAC_Trigger));
 777:Drivers/STM32F3xx_HAL_Driver/Src/stm32f3xx_hal_dac_ex.c **** 
 778:Drivers/STM32F3xx_HAL_Driver/Src/stm32f3xx_hal_dac_ex.c **** #if defined(STM32F303x8) || defined(STM32F334x8) || defined(STM32F328xx)
 779:Drivers/STM32F3xx_HAL_Driver/Src/stm32f3xx_hal_dac_ex.c ****   if ((hdac->Instance == DAC1) && (Channel == DAC_CHANNEL_1)) 
 780:Drivers/STM32F3xx_HAL_Driver/Src/stm32f3xx_hal_dac_ex.c ****   {
 781:Drivers/STM32F3xx_HAL_Driver/Src/stm32f3xx_hal_dac_ex.c ****     /* Output Buffer (BOFF1) control */
 782:Drivers/STM32F3xx_HAL_Driver/Src/stm32f3xx_hal_dac_ex.c ****     assert_param(IS_DAC_OUTPUT_BUFFER_STATE(sConfig->DAC_OutputBuffer));    
 783:Drivers/STM32F3xx_HAL_Driver/Src/stm32f3xx_hal_dac_ex.c ****   }
 784:Drivers/STM32F3xx_HAL_Driver/Src/stm32f3xx_hal_dac_ex.c ****   else /* DAC1 channel 2U & DAC2 channel 1U */
 785:Drivers/STM32F3xx_HAL_Driver/Src/stm32f3xx_hal_dac_ex.c ****   {
 786:Drivers/STM32F3xx_HAL_Driver/Src/stm32f3xx_hal_dac_ex.c ****     /* Output Switch (OUTEN) control */
 787:Drivers/STM32F3xx_HAL_Driver/Src/stm32f3xx_hal_dac_ex.c ****     assert_param(IS_DAC_OUTPUT_SWITCH_STATE(sConfig->DAC_OutputSwitch));    
 788:Drivers/STM32F3xx_HAL_Driver/Src/stm32f3xx_hal_dac_ex.c ****   }    
 789:Drivers/STM32F3xx_HAL_Driver/Src/stm32f3xx_hal_dac_ex.c **** #else
 790:Drivers/STM32F3xx_HAL_Driver/Src/stm32f3xx_hal_dac_ex.c ****   assert_param(IS_DAC_OUTPUT_BUFFER_STATE(sConfig->DAC_OutputBuffer));    
 791:Drivers/STM32F3xx_HAL_Driver/Src/stm32f3xx_hal_dac_ex.c **** #endif /* STM32F303x8 || STM32F334x8 || STM32F328xx || */
 792:Drivers/STM32F3xx_HAL_Driver/Src/stm32f3xx_hal_dac_ex.c ****   assert_param(IS_DAC_CHANNEL(Channel));   
 793:Drivers/STM32F3xx_HAL_Driver/Src/stm32f3xx_hal_dac_ex.c ****  
 794:Drivers/STM32F3xx_HAL_Driver/Src/stm32f3xx_hal_dac_ex.c ****   /* Process locked */
 795:Drivers/STM32F3xx_HAL_Driver/Src/stm32f3xx_hal_dac_ex.c ****   __HAL_LOCK(hdac);
 796:Drivers/STM32F3xx_HAL_Driver/Src/stm32f3xx_hal_dac_ex.c ****   
 797:Drivers/STM32F3xx_HAL_Driver/Src/stm32f3xx_hal_dac_ex.c ****   /* Change DAC state */
 798:Drivers/STM32F3xx_HAL_Driver/Src/stm32f3xx_hal_dac_ex.c ****   hdac->State = HAL_DAC_STATE_BUSY;
 799:Drivers/STM32F3xx_HAL_Driver/Src/stm32f3xx_hal_dac_ex.c ****   
 800:Drivers/STM32F3xx_HAL_Driver/Src/stm32f3xx_hal_dac_ex.c ****   /* Get the DAC CR value */
 801:Drivers/STM32F3xx_HAL_Driver/Src/stm32f3xx_hal_dac_ex.c ****   tmpreg1 = hdac->Instance->CR;
 802:Drivers/STM32F3xx_HAL_Driver/Src/stm32f3xx_hal_dac_ex.c ****   
 803:Drivers/STM32F3xx_HAL_Driver/Src/stm32f3xx_hal_dac_ex.c ****   /* Clear BOFFx-OUTENx, TENx, TSELx, WAVEx and MAMPx bits */
 804:Drivers/STM32F3xx_HAL_Driver/Src/stm32f3xx_hal_dac_ex.c ****   
 805:Drivers/STM32F3xx_HAL_Driver/Src/stm32f3xx_hal_dac_ex.c ****   /* Configure for the selected DAC channel: buffer output or switch output, trigger */
 806:Drivers/STM32F3xx_HAL_Driver/Src/stm32f3xx_hal_dac_ex.c ****   /* Set TSELx and TENx bits according to DAC_Trigger value */
 807:Drivers/STM32F3xx_HAL_Driver/Src/stm32f3xx_hal_dac_ex.c ****   /* Set BOFFx bit according to DAC_OutputBuffer value OR */   
 808:Drivers/STM32F3xx_HAL_Driver/Src/stm32f3xx_hal_dac_ex.c ****   /* Set OUTEN bit according to DAC_OutputSwitch value */   
 809:Drivers/STM32F3xx_HAL_Driver/Src/stm32f3xx_hal_dac_ex.c **** #if defined(STM32F303x8) || defined(STM32F334x8) || defined(STM32F328xx)
 810:Drivers/STM32F3xx_HAL_Driver/Src/stm32f3xx_hal_dac_ex.c ****   if ((hdac->Instance == DAC1) && (Channel == DAC_CHANNEL_1)) 
 811:Drivers/STM32F3xx_HAL_Driver/Src/stm32f3xx_hal_dac_ex.c ****   {
 812:Drivers/STM32F3xx_HAL_Driver/Src/stm32f3xx_hal_dac_ex.c ****     /* Output Buffer (BOFF1) control */
 813:Drivers/STM32F3xx_HAL_Driver/Src/stm32f3xx_hal_dac_ex.c ****     tmpreg1 &= ~(((uint32_t)(DAC_CR_MAMP1 | DAC_CR_WAVE1 | DAC_CR_TSEL1 | DAC_CR_TEN1 | DAC_CR_BOFF
 814:Drivers/STM32F3xx_HAL_Driver/Src/stm32f3xx_hal_dac_ex.c ****     tmpreg2 = (sConfig->DAC_Trigger | sConfig->DAC_OutputBuffer);    
 815:Drivers/STM32F3xx_HAL_Driver/Src/stm32f3xx_hal_dac_ex.c ****   }
 816:Drivers/STM32F3xx_HAL_Driver/Src/stm32f3xx_hal_dac_ex.c ****   else /* DAC1 channel 2U & DAC2 channel 1U */
 817:Drivers/STM32F3xx_HAL_Driver/Src/stm32f3xx_hal_dac_ex.c ****   {
 818:Drivers/STM32F3xx_HAL_Driver/Src/stm32f3xx_hal_dac_ex.c ****     /* Output Switch (OUTEN) control */
 819:Drivers/STM32F3xx_HAL_Driver/Src/stm32f3xx_hal_dac_ex.c ****     tmpreg1 &= ~(((uint32_t)(DAC_CR_MAMP1 | DAC_CR_WAVE1 | DAC_CR_TSEL1 | DAC_CR_TEN1 | DAC_CR_OUTE
 820:Drivers/STM32F3xx_HAL_Driver/Src/stm32f3xx_hal_dac_ex.c ****     tmpreg2 = (sConfig->DAC_Trigger | sConfig->DAC_OutputSwitch);    
 821:Drivers/STM32F3xx_HAL_Driver/Src/stm32f3xx_hal_dac_ex.c ****   }    
 822:Drivers/STM32F3xx_HAL_Driver/Src/stm32f3xx_hal_dac_ex.c **** #else
 823:Drivers/STM32F3xx_HAL_Driver/Src/stm32f3xx_hal_dac_ex.c ****   tmpreg1 &= ~(((uint32_t)(DAC_CR_MAMP1 | DAC_CR_WAVE1 | DAC_CR_TSEL1 | DAC_CR_TEN1 | DAC_CR_BOFF1)
 824:Drivers/STM32F3xx_HAL_Driver/Src/stm32f3xx_hal_dac_ex.c ****   tmpreg2 = (sConfig->DAC_Trigger | sConfig->DAC_OutputBuffer);
 825:Drivers/STM32F3xx_HAL_Driver/Src/stm32f3xx_hal_dac_ex.c **** #endif  /* STM32F303x8 || STM32F334x8 || STM32F328xx || */
 826:Drivers/STM32F3xx_HAL_Driver/Src/stm32f3xx_hal_dac_ex.c ****   
 827:Drivers/STM32F3xx_HAL_Driver/Src/stm32f3xx_hal_dac_ex.c ****   /* Calculate CR register value depending on DAC_Channel */
 828:Drivers/STM32F3xx_HAL_Driver/Src/stm32f3xx_hal_dac_ex.c ****   tmpreg1 |= tmpreg2 << Channel;
ARM GAS  C:\Users\SHUCHE~1\AppData\Local\Temp\ccVBdqL7.s 			page 16


 829:Drivers/STM32F3xx_HAL_Driver/Src/stm32f3xx_hal_dac_ex.c ****   /* Write to DAC CR */
 830:Drivers/STM32F3xx_HAL_Driver/Src/stm32f3xx_hal_dac_ex.c ****   hdac->Instance->CR = tmpreg1;
 831:Drivers/STM32F3xx_HAL_Driver/Src/stm32f3xx_hal_dac_ex.c ****   
 832:Drivers/STM32F3xx_HAL_Driver/Src/stm32f3xx_hal_dac_ex.c ****   /* Disable wave generation */
 833:Drivers/STM32F3xx_HAL_Driver/Src/stm32f3xx_hal_dac_ex.c ****   hdac->Instance->CR &= ~(DAC_CR_WAVE1 << Channel);
 834:Drivers/STM32F3xx_HAL_Driver/Src/stm32f3xx_hal_dac_ex.c **** 
 835:Drivers/STM32F3xx_HAL_Driver/Src/stm32f3xx_hal_dac_ex.c ****   /* Change DAC state */
 836:Drivers/STM32F3xx_HAL_Driver/Src/stm32f3xx_hal_dac_ex.c ****   hdac->State = HAL_DAC_STATE_READY;
 837:Drivers/STM32F3xx_HAL_Driver/Src/stm32f3xx_hal_dac_ex.c ****   
 838:Drivers/STM32F3xx_HAL_Driver/Src/stm32f3xx_hal_dac_ex.c ****   /* Process unlocked */
 839:Drivers/STM32F3xx_HAL_Driver/Src/stm32f3xx_hal_dac_ex.c ****   __HAL_UNLOCK(hdac);
 840:Drivers/STM32F3xx_HAL_Driver/Src/stm32f3xx_hal_dac_ex.c ****   
 841:Drivers/STM32F3xx_HAL_Driver/Src/stm32f3xx_hal_dac_ex.c ****   /* Return function status */
 842:Drivers/STM32F3xx_HAL_Driver/Src/stm32f3xx_hal_dac_ex.c ****   return HAL_OK;
 843:Drivers/STM32F3xx_HAL_Driver/Src/stm32f3xx_hal_dac_ex.c **** }
 844:Drivers/STM32F3xx_HAL_Driver/Src/stm32f3xx_hal_dac_ex.c **** 
 845:Drivers/STM32F3xx_HAL_Driver/Src/stm32f3xx_hal_dac_ex.c **** /**
 846:Drivers/STM32F3xx_HAL_Driver/Src/stm32f3xx_hal_dac_ex.c ****   * @brief  Enables or disables the selected DAC channel wave generation.
 847:Drivers/STM32F3xx_HAL_Driver/Src/stm32f3xx_hal_dac_ex.c ****   * @param  hdac pointer to a DAC_HandleTypeDef structure that contains
 848:Drivers/STM32F3xx_HAL_Driver/Src/stm32f3xx_hal_dac_ex.c ****   *         the configuration information for the specified DAC.
 849:Drivers/STM32F3xx_HAL_Driver/Src/stm32f3xx_hal_dac_ex.c ****   * @param  Channel The selected DAC channel.
 850:Drivers/STM32F3xx_HAL_Driver/Src/stm32f3xx_hal_dac_ex.c ****   *          This parameter can be one of the following values:
 851:Drivers/STM32F3xx_HAL_Driver/Src/stm32f3xx_hal_dac_ex.c ****   *            @arg DAC_CHANNEL_1: DAC1 Channel1 selected
 852:Drivers/STM32F3xx_HAL_Driver/Src/stm32f3xx_hal_dac_ex.c ****   *            @arg DAC_CHANNEL_2: DAC1 Channel2 selected
 853:Drivers/STM32F3xx_HAL_Driver/Src/stm32f3xx_hal_dac_ex.c ****   * @param  Amplitude Select max triangle amplitude.
 854:Drivers/STM32F3xx_HAL_Driver/Src/stm32f3xx_hal_dac_ex.c ****   *          This parameter can be one of the following values:
 855:Drivers/STM32F3xx_HAL_Driver/Src/stm32f3xx_hal_dac_ex.c ****   *            @arg DAC_TRIANGLEAMPLITUDE_1: Select max triangle amplitude of 1
 856:Drivers/STM32F3xx_HAL_Driver/Src/stm32f3xx_hal_dac_ex.c ****   *            @arg DAC_TRIANGLEAMPLITUDE_3: Select max triangle amplitude of 3
 857:Drivers/STM32F3xx_HAL_Driver/Src/stm32f3xx_hal_dac_ex.c ****   *            @arg DAC_TRIANGLEAMPLITUDE_7: Select max triangle amplitude of 7
 858:Drivers/STM32F3xx_HAL_Driver/Src/stm32f3xx_hal_dac_ex.c ****   *            @arg DAC_TRIANGLEAMPLITUDE_15: Select max triangle amplitude of 15
 859:Drivers/STM32F3xx_HAL_Driver/Src/stm32f3xx_hal_dac_ex.c ****   *            @arg DAC_TRIANGLEAMPLITUDE_31: Select max triangle amplitude of 31
 860:Drivers/STM32F3xx_HAL_Driver/Src/stm32f3xx_hal_dac_ex.c ****   *            @arg DAC_TRIANGLEAMPLITUDE_63: Select max triangle amplitude of 63
 861:Drivers/STM32F3xx_HAL_Driver/Src/stm32f3xx_hal_dac_ex.c ****   *            @arg DAC_TRIANGLEAMPLITUDE_127: Select max triangle amplitude of 127
 862:Drivers/STM32F3xx_HAL_Driver/Src/stm32f3xx_hal_dac_ex.c ****   *            @arg DAC_TRIANGLEAMPLITUDE_255: Select max triangle amplitude of 255
 863:Drivers/STM32F3xx_HAL_Driver/Src/stm32f3xx_hal_dac_ex.c ****   *            @arg DAC_TRIANGLEAMPLITUDE_511: Select max triangle amplitude of 511
 864:Drivers/STM32F3xx_HAL_Driver/Src/stm32f3xx_hal_dac_ex.c ****   *            @arg DAC_TRIANGLEAMPLITUDE_1023: Select max triangle amplitude of 1023
 865:Drivers/STM32F3xx_HAL_Driver/Src/stm32f3xx_hal_dac_ex.c ****   *            @arg DAC_TRIANGLEAMPLITUDE_2047: Select max triangle amplitude of 2047
 866:Drivers/STM32F3xx_HAL_Driver/Src/stm32f3xx_hal_dac_ex.c ****   *            @arg DAC_TRIANGLEAMPLITUDE_4095: Select max triangle amplitude of 4095
 867:Drivers/STM32F3xx_HAL_Driver/Src/stm32f3xx_hal_dac_ex.c ****   * @note   Wave generation is not available in DAC2.
 868:Drivers/STM32F3xx_HAL_Driver/Src/stm32f3xx_hal_dac_ex.c ****   * @retval HAL status
 869:Drivers/STM32F3xx_HAL_Driver/Src/stm32f3xx_hal_dac_ex.c ****   */
 870:Drivers/STM32F3xx_HAL_Driver/Src/stm32f3xx_hal_dac_ex.c **** HAL_StatusTypeDef HAL_DACEx_TriangleWaveGenerate(DAC_HandleTypeDef* hdac, uint32_t Channel, uint32_
 871:Drivers/STM32F3xx_HAL_Driver/Src/stm32f3xx_hal_dac_ex.c **** {
 872:Drivers/STM32F3xx_HAL_Driver/Src/stm32f3xx_hal_dac_ex.c ****   /* Check the parameters */
 873:Drivers/STM32F3xx_HAL_Driver/Src/stm32f3xx_hal_dac_ex.c ****   assert_param(IS_DAC_CHANNEL(Channel));
 874:Drivers/STM32F3xx_HAL_Driver/Src/stm32f3xx_hal_dac_ex.c ****   assert_param(IS_DAC_LFSR_UNMASK_TRIANGLE_AMPLITUDE(Amplitude));
 875:Drivers/STM32F3xx_HAL_Driver/Src/stm32f3xx_hal_dac_ex.c **** 
 876:Drivers/STM32F3xx_HAL_Driver/Src/stm32f3xx_hal_dac_ex.c ****   /* Process locked */
 877:Drivers/STM32F3xx_HAL_Driver/Src/stm32f3xx_hal_dac_ex.c ****   __HAL_LOCK(hdac);
 878:Drivers/STM32F3xx_HAL_Driver/Src/stm32f3xx_hal_dac_ex.c **** 
 879:Drivers/STM32F3xx_HAL_Driver/Src/stm32f3xx_hal_dac_ex.c ****   /* Change DAC state */
 880:Drivers/STM32F3xx_HAL_Driver/Src/stm32f3xx_hal_dac_ex.c ****   hdac->State = HAL_DAC_STATE_BUSY;
 881:Drivers/STM32F3xx_HAL_Driver/Src/stm32f3xx_hal_dac_ex.c **** 
 882:Drivers/STM32F3xx_HAL_Driver/Src/stm32f3xx_hal_dac_ex.c ****   /* Enable the selected wave generation for the selected DAC channel */
 883:Drivers/STM32F3xx_HAL_Driver/Src/stm32f3xx_hal_dac_ex.c ****   MODIFY_REG(hdac->Instance->CR, ((DAC_CR_WAVE1)|(DAC_CR_MAMP1))<<Channel, (DAC_CR_WAVE1_1 | Amplit
 884:Drivers/STM32F3xx_HAL_Driver/Src/stm32f3xx_hal_dac_ex.c **** 
 885:Drivers/STM32F3xx_HAL_Driver/Src/stm32f3xx_hal_dac_ex.c ****   /* Change DAC state */
ARM GAS  C:\Users\SHUCHE~1\AppData\Local\Temp\ccVBdqL7.s 			page 17


 886:Drivers/STM32F3xx_HAL_Driver/Src/stm32f3xx_hal_dac_ex.c ****   hdac->State = HAL_DAC_STATE_READY;
 887:Drivers/STM32F3xx_HAL_Driver/Src/stm32f3xx_hal_dac_ex.c **** 
 888:Drivers/STM32F3xx_HAL_Driver/Src/stm32f3xx_hal_dac_ex.c ****   /* Process unlocked */
 889:Drivers/STM32F3xx_HAL_Driver/Src/stm32f3xx_hal_dac_ex.c ****   __HAL_UNLOCK(hdac);
 890:Drivers/STM32F3xx_HAL_Driver/Src/stm32f3xx_hal_dac_ex.c **** 
 891:Drivers/STM32F3xx_HAL_Driver/Src/stm32f3xx_hal_dac_ex.c ****   /* Return function status */
 892:Drivers/STM32F3xx_HAL_Driver/Src/stm32f3xx_hal_dac_ex.c ****   return HAL_OK;
 893:Drivers/STM32F3xx_HAL_Driver/Src/stm32f3xx_hal_dac_ex.c **** }
 894:Drivers/STM32F3xx_HAL_Driver/Src/stm32f3xx_hal_dac_ex.c **** 
 895:Drivers/STM32F3xx_HAL_Driver/Src/stm32f3xx_hal_dac_ex.c **** /**
 896:Drivers/STM32F3xx_HAL_Driver/Src/stm32f3xx_hal_dac_ex.c ****   * @brief  Enables or disables the selected DAC channel wave generation.
 897:Drivers/STM32F3xx_HAL_Driver/Src/stm32f3xx_hal_dac_ex.c ****   * @param  hdac pointer to a DAC_HandleTypeDef structure that contains
 898:Drivers/STM32F3xx_HAL_Driver/Src/stm32f3xx_hal_dac_ex.c ****   *         the configuration information for the specified DAC.
 899:Drivers/STM32F3xx_HAL_Driver/Src/stm32f3xx_hal_dac_ex.c ****   * @param  Channel The selected DAC channel.
 900:Drivers/STM32F3xx_HAL_Driver/Src/stm32f3xx_hal_dac_ex.c ****   *          This parameter can be one of the following values:
 901:Drivers/STM32F3xx_HAL_Driver/Src/stm32f3xx_hal_dac_ex.c ****   *            @arg DAC_CHANNEL_1: DAC1 Channel1 selected
 902:Drivers/STM32F3xx_HAL_Driver/Src/stm32f3xx_hal_dac_ex.c ****   *            @arg DAC_CHANNEL_2: DAC1 Channel2 selected
 903:Drivers/STM32F3xx_HAL_Driver/Src/stm32f3xx_hal_dac_ex.c ****   * @param  Amplitude Unmask DAC channel LFSR for noise wave generation.
 904:Drivers/STM32F3xx_HAL_Driver/Src/stm32f3xx_hal_dac_ex.c ****   *          This parameter can be one of the following values:
 905:Drivers/STM32F3xx_HAL_Driver/Src/stm32f3xx_hal_dac_ex.c ****   *            @arg DAC_LFSRUNMASK_BIT0: Unmask DAC channel LFSR bit0 for noise wave generation
 906:Drivers/STM32F3xx_HAL_Driver/Src/stm32f3xx_hal_dac_ex.c ****   *            @arg DAC_LFSRUNMASK_BITS1_0: Unmask DAC channel LFSR bit[1:0] for noise wave generat
 907:Drivers/STM32F3xx_HAL_Driver/Src/stm32f3xx_hal_dac_ex.c ****   *            @arg DAC_LFSRUNMASK_BITS2_0: Unmask DAC channel LFSR bit[2:0] for noise wave generat
 908:Drivers/STM32F3xx_HAL_Driver/Src/stm32f3xx_hal_dac_ex.c ****   *            @arg DAC_LFSRUNMASK_BITS3_0: Unmask DAC channel LFSR bit[3:0] for noise wave generat
 909:Drivers/STM32F3xx_HAL_Driver/Src/stm32f3xx_hal_dac_ex.c ****   *            @arg DAC_LFSRUNMASK_BITS4_0: Unmask DAC channel LFSR bit[4:0] for noise wave generat
 910:Drivers/STM32F3xx_HAL_Driver/Src/stm32f3xx_hal_dac_ex.c ****   *            @arg DAC_LFSRUNMASK_BITS5_0: Unmask DAC channel LFSR bit[5:0] for noise wave generat
 911:Drivers/STM32F3xx_HAL_Driver/Src/stm32f3xx_hal_dac_ex.c ****   *            @arg DAC_LFSRUNMASK_BITS6_0: Unmask DAC channel LFSR bit[6:0] for noise wave generat
 912:Drivers/STM32F3xx_HAL_Driver/Src/stm32f3xx_hal_dac_ex.c ****   *            @arg DAC_LFSRUNMASK_BITS7_0: Unmask DAC channel LFSR bit[7:0] for noise wave generat
 913:Drivers/STM32F3xx_HAL_Driver/Src/stm32f3xx_hal_dac_ex.c ****   *            @arg DAC_LFSRUNMASK_BITS8_0: Unmask DAC channel LFSR bit[8:0] for noise wave generat
 914:Drivers/STM32F3xx_HAL_Driver/Src/stm32f3xx_hal_dac_ex.c ****   *            @arg DAC_LFSRUNMASK_BITS9_0: Unmask DAC channel LFSR bit[9:0] for noise wave generat
 915:Drivers/STM32F3xx_HAL_Driver/Src/stm32f3xx_hal_dac_ex.c ****   *            @arg DAC_LFSRUNMASK_BITS10_0: Unmask DAC channel LFSR bit[10:0] for noise wave gener
 916:Drivers/STM32F3xx_HAL_Driver/Src/stm32f3xx_hal_dac_ex.c ****   *            @arg DAC_LFSRUNMASK_BITS11_0: Unmask DAC channel LFSR bit[11:0] for noise wave gener
 917:Drivers/STM32F3xx_HAL_Driver/Src/stm32f3xx_hal_dac_ex.c ****   * @retval HAL status
 918:Drivers/STM32F3xx_HAL_Driver/Src/stm32f3xx_hal_dac_ex.c ****   */
 919:Drivers/STM32F3xx_HAL_Driver/Src/stm32f3xx_hal_dac_ex.c **** HAL_StatusTypeDef HAL_DACEx_NoiseWaveGenerate(DAC_HandleTypeDef* hdac, uint32_t Channel, uint32_t A
 920:Drivers/STM32F3xx_HAL_Driver/Src/stm32f3xx_hal_dac_ex.c **** {
 921:Drivers/STM32F3xx_HAL_Driver/Src/stm32f3xx_hal_dac_ex.c ****   /* Check the parameters */
 922:Drivers/STM32F3xx_HAL_Driver/Src/stm32f3xx_hal_dac_ex.c ****   assert_param(IS_DAC_CHANNEL(Channel));
 923:Drivers/STM32F3xx_HAL_Driver/Src/stm32f3xx_hal_dac_ex.c ****   assert_param(IS_DAC_LFSR_UNMASK_TRIANGLE_AMPLITUDE(Amplitude));
 924:Drivers/STM32F3xx_HAL_Driver/Src/stm32f3xx_hal_dac_ex.c **** 
 925:Drivers/STM32F3xx_HAL_Driver/Src/stm32f3xx_hal_dac_ex.c ****   /* Process locked */
 926:Drivers/STM32F3xx_HAL_Driver/Src/stm32f3xx_hal_dac_ex.c ****   __HAL_LOCK(hdac);
 927:Drivers/STM32F3xx_HAL_Driver/Src/stm32f3xx_hal_dac_ex.c **** 
 928:Drivers/STM32F3xx_HAL_Driver/Src/stm32f3xx_hal_dac_ex.c ****   /* Change DAC state */
 929:Drivers/STM32F3xx_HAL_Driver/Src/stm32f3xx_hal_dac_ex.c ****   hdac->State = HAL_DAC_STATE_BUSY;
 930:Drivers/STM32F3xx_HAL_Driver/Src/stm32f3xx_hal_dac_ex.c **** 
 931:Drivers/STM32F3xx_HAL_Driver/Src/stm32f3xx_hal_dac_ex.c ****   /* Enable the selected wave generation for the selected DAC channel */
 932:Drivers/STM32F3xx_HAL_Driver/Src/stm32f3xx_hal_dac_ex.c ****   MODIFY_REG(hdac->Instance->CR, ((DAC_CR_WAVE1)|(DAC_CR_MAMP1))<<Channel, (DAC_CR_WAVE1_0 | Amplit
 933:Drivers/STM32F3xx_HAL_Driver/Src/stm32f3xx_hal_dac_ex.c ****   
 934:Drivers/STM32F3xx_HAL_Driver/Src/stm32f3xx_hal_dac_ex.c ****   /* Change DAC state */
 935:Drivers/STM32F3xx_HAL_Driver/Src/stm32f3xx_hal_dac_ex.c ****   hdac->State = HAL_DAC_STATE_READY;
 936:Drivers/STM32F3xx_HAL_Driver/Src/stm32f3xx_hal_dac_ex.c **** 
 937:Drivers/STM32F3xx_HAL_Driver/Src/stm32f3xx_hal_dac_ex.c ****   /* Process unlocked */
 938:Drivers/STM32F3xx_HAL_Driver/Src/stm32f3xx_hal_dac_ex.c ****   __HAL_UNLOCK(hdac);
 939:Drivers/STM32F3xx_HAL_Driver/Src/stm32f3xx_hal_dac_ex.c **** 
 940:Drivers/STM32F3xx_HAL_Driver/Src/stm32f3xx_hal_dac_ex.c ****   /* Return function status */
 941:Drivers/STM32F3xx_HAL_Driver/Src/stm32f3xx_hal_dac_ex.c ****   return HAL_OK;
 942:Drivers/STM32F3xx_HAL_Driver/Src/stm32f3xx_hal_dac_ex.c **** }
ARM GAS  C:\Users\SHUCHE~1\AppData\Local\Temp\ccVBdqL7.s 			page 18


 943:Drivers/STM32F3xx_HAL_Driver/Src/stm32f3xx_hal_dac_ex.c **** 
 944:Drivers/STM32F3xx_HAL_Driver/Src/stm32f3xx_hal_dac_ex.c **** #if  defined(STM32F303xE) || defined(STM32F398xx)                         || \
 945:Drivers/STM32F3xx_HAL_Driver/Src/stm32f3xx_hal_dac_ex.c ****      defined(STM32F303xC) || defined(STM32F358xx)                         || \
 946:Drivers/STM32F3xx_HAL_Driver/Src/stm32f3xx_hal_dac_ex.c ****      defined(STM32F303x8) || defined(STM32F334x8) || defined(STM32F328xx) || \
 947:Drivers/STM32F3xx_HAL_Driver/Src/stm32f3xx_hal_dac_ex.c ****      defined(STM32F373xC) || defined(STM32F378xx)
 948:Drivers/STM32F3xx_HAL_Driver/Src/stm32f3xx_hal_dac_ex.c **** /* DAC channel 2 is available on top of DAC channel 1U */
 949:Drivers/STM32F3xx_HAL_Driver/Src/stm32f3xx_hal_dac_ex.c **** /**
 950:Drivers/STM32F3xx_HAL_Driver/Src/stm32f3xx_hal_dac_ex.c ****   * @brief  Conversion complete callback in non blocking mode for Channel2
 951:Drivers/STM32F3xx_HAL_Driver/Src/stm32f3xx_hal_dac_ex.c ****   * @param  hdac pointer to a DAC_HandleTypeDef structure that contains
 952:Drivers/STM32F3xx_HAL_Driver/Src/stm32f3xx_hal_dac_ex.c ****   *         the configuration information for the specified DAC.
 953:Drivers/STM32F3xx_HAL_Driver/Src/stm32f3xx_hal_dac_ex.c ****   * @retval None
 954:Drivers/STM32F3xx_HAL_Driver/Src/stm32f3xx_hal_dac_ex.c ****   */
 955:Drivers/STM32F3xx_HAL_Driver/Src/stm32f3xx_hal_dac_ex.c **** __weak void HAL_DACEx_ConvCpltCallbackCh2(DAC_HandleTypeDef* hdac)
 956:Drivers/STM32F3xx_HAL_Driver/Src/stm32f3xx_hal_dac_ex.c **** {
 957:Drivers/STM32F3xx_HAL_Driver/Src/stm32f3xx_hal_dac_ex.c ****   /* Prevent unused argument(s) compilation warning */
 958:Drivers/STM32F3xx_HAL_Driver/Src/stm32f3xx_hal_dac_ex.c ****   UNUSED(hdac);
 959:Drivers/STM32F3xx_HAL_Driver/Src/stm32f3xx_hal_dac_ex.c **** 
 960:Drivers/STM32F3xx_HAL_Driver/Src/stm32f3xx_hal_dac_ex.c ****   /* NOTE : This function Should not be modified, when the callback is needed,
 961:Drivers/STM32F3xx_HAL_Driver/Src/stm32f3xx_hal_dac_ex.c ****             the HAL_DACEx_ConvCpltCallbackCh2 could be implemented in the user file
 962:Drivers/STM32F3xx_HAL_Driver/Src/stm32f3xx_hal_dac_ex.c ****    */
 963:Drivers/STM32F3xx_HAL_Driver/Src/stm32f3xx_hal_dac_ex.c **** }
 964:Drivers/STM32F3xx_HAL_Driver/Src/stm32f3xx_hal_dac_ex.c **** 
 965:Drivers/STM32F3xx_HAL_Driver/Src/stm32f3xx_hal_dac_ex.c **** /**
 966:Drivers/STM32F3xx_HAL_Driver/Src/stm32f3xx_hal_dac_ex.c ****   * @brief  Conversion half DMA transfer callback in non blocking mode for Channel2
 967:Drivers/STM32F3xx_HAL_Driver/Src/stm32f3xx_hal_dac_ex.c ****   * @param  hdac pointer to a DAC_HandleTypeDef structure that contains
 968:Drivers/STM32F3xx_HAL_Driver/Src/stm32f3xx_hal_dac_ex.c ****   *         the configuration information for the specified DAC.
 969:Drivers/STM32F3xx_HAL_Driver/Src/stm32f3xx_hal_dac_ex.c ****   * @retval None
 970:Drivers/STM32F3xx_HAL_Driver/Src/stm32f3xx_hal_dac_ex.c ****   */
 971:Drivers/STM32F3xx_HAL_Driver/Src/stm32f3xx_hal_dac_ex.c **** __weak void HAL_DACEx_ConvHalfCpltCallbackCh2(DAC_HandleTypeDef* hdac)
 972:Drivers/STM32F3xx_HAL_Driver/Src/stm32f3xx_hal_dac_ex.c **** {
 973:Drivers/STM32F3xx_HAL_Driver/Src/stm32f3xx_hal_dac_ex.c ****   /* Prevent unused argument(s) compilation warning */
 974:Drivers/STM32F3xx_HAL_Driver/Src/stm32f3xx_hal_dac_ex.c ****   UNUSED(hdac);
 975:Drivers/STM32F3xx_HAL_Driver/Src/stm32f3xx_hal_dac_ex.c **** 
 976:Drivers/STM32F3xx_HAL_Driver/Src/stm32f3xx_hal_dac_ex.c ****   /* NOTE : This function Should not be modified, when the callback is needed,
 977:Drivers/STM32F3xx_HAL_Driver/Src/stm32f3xx_hal_dac_ex.c ****             the HAL_DACEx_ConvHalfCpltCallbackCh2 could be implemented in the user file
 978:Drivers/STM32F3xx_HAL_Driver/Src/stm32f3xx_hal_dac_ex.c ****    */
 979:Drivers/STM32F3xx_HAL_Driver/Src/stm32f3xx_hal_dac_ex.c **** }
 980:Drivers/STM32F3xx_HAL_Driver/Src/stm32f3xx_hal_dac_ex.c **** 
 981:Drivers/STM32F3xx_HAL_Driver/Src/stm32f3xx_hal_dac_ex.c **** /**
 982:Drivers/STM32F3xx_HAL_Driver/Src/stm32f3xx_hal_dac_ex.c ****   * @brief  Error DAC callback for Channel2.
 983:Drivers/STM32F3xx_HAL_Driver/Src/stm32f3xx_hal_dac_ex.c ****   * @param  hdac pointer to a DAC_HandleTypeDef structure that contains
 984:Drivers/STM32F3xx_HAL_Driver/Src/stm32f3xx_hal_dac_ex.c ****   *         the configuration information for the specified DAC.
 985:Drivers/STM32F3xx_HAL_Driver/Src/stm32f3xx_hal_dac_ex.c ****   * @retval None
 986:Drivers/STM32F3xx_HAL_Driver/Src/stm32f3xx_hal_dac_ex.c ****   */
 987:Drivers/STM32F3xx_HAL_Driver/Src/stm32f3xx_hal_dac_ex.c **** __weak void HAL_DACEx_ErrorCallbackCh2(DAC_HandleTypeDef *hdac)
 988:Drivers/STM32F3xx_HAL_Driver/Src/stm32f3xx_hal_dac_ex.c **** {
 989:Drivers/STM32F3xx_HAL_Driver/Src/stm32f3xx_hal_dac_ex.c ****   /* Prevent unused argument(s) compilation warning */
 990:Drivers/STM32F3xx_HAL_Driver/Src/stm32f3xx_hal_dac_ex.c ****   UNUSED(hdac);
 991:Drivers/STM32F3xx_HAL_Driver/Src/stm32f3xx_hal_dac_ex.c **** 
 992:Drivers/STM32F3xx_HAL_Driver/Src/stm32f3xx_hal_dac_ex.c ****   /* NOTE : This function Should not be modified, when the callback is needed,
 993:Drivers/STM32F3xx_HAL_Driver/Src/stm32f3xx_hal_dac_ex.c ****             the HAL_DACEx_ErrorCallbackCh2 could be implemented in the user file
 994:Drivers/STM32F3xx_HAL_Driver/Src/stm32f3xx_hal_dac_ex.c ****    */
 995:Drivers/STM32F3xx_HAL_Driver/Src/stm32f3xx_hal_dac_ex.c **** }
 996:Drivers/STM32F3xx_HAL_Driver/Src/stm32f3xx_hal_dac_ex.c **** 
 997:Drivers/STM32F3xx_HAL_Driver/Src/stm32f3xx_hal_dac_ex.c **** /**
 998:Drivers/STM32F3xx_HAL_Driver/Src/stm32f3xx_hal_dac_ex.c ****   * @brief  DMA underrun DAC callback for channel2.
 999:Drivers/STM32F3xx_HAL_Driver/Src/stm32f3xx_hal_dac_ex.c ****   * @param  hdac pointer to a DAC_HandleTypeDef structure that contains
ARM GAS  C:\Users\SHUCHE~1\AppData\Local\Temp\ccVBdqL7.s 			page 19


1000:Drivers/STM32F3xx_HAL_Driver/Src/stm32f3xx_hal_dac_ex.c ****   *         the configuration information for the specified DAC.
1001:Drivers/STM32F3xx_HAL_Driver/Src/stm32f3xx_hal_dac_ex.c ****   * @retval None
1002:Drivers/STM32F3xx_HAL_Driver/Src/stm32f3xx_hal_dac_ex.c ****   */
1003:Drivers/STM32F3xx_HAL_Driver/Src/stm32f3xx_hal_dac_ex.c **** __weak void HAL_DACEx_DMAUnderrunCallbackCh2(DAC_HandleTypeDef *hdac)
1004:Drivers/STM32F3xx_HAL_Driver/Src/stm32f3xx_hal_dac_ex.c **** {
1005:Drivers/STM32F3xx_HAL_Driver/Src/stm32f3xx_hal_dac_ex.c ****   /* Prevent unused argument(s) compilation warning */
1006:Drivers/STM32F3xx_HAL_Driver/Src/stm32f3xx_hal_dac_ex.c ****   UNUSED(hdac);
1007:Drivers/STM32F3xx_HAL_Driver/Src/stm32f3xx_hal_dac_ex.c **** 
1008:Drivers/STM32F3xx_HAL_Driver/Src/stm32f3xx_hal_dac_ex.c ****   /* NOTE : This function Should not be modified, when the callback is needed,
1009:Drivers/STM32F3xx_HAL_Driver/Src/stm32f3xx_hal_dac_ex.c ****             the HAL_DACEx_DMAUnderrunCallbackCh2 could be implemented in the user file
1010:Drivers/STM32F3xx_HAL_Driver/Src/stm32f3xx_hal_dac_ex.c ****    */
1011:Drivers/STM32F3xx_HAL_Driver/Src/stm32f3xx_hal_dac_ex.c **** }
1012:Drivers/STM32F3xx_HAL_Driver/Src/stm32f3xx_hal_dac_ex.c **** #endif /* STM32F303xE || STM32F398xx                || */
1013:Drivers/STM32F3xx_HAL_Driver/Src/stm32f3xx_hal_dac_ex.c ****        /* STM32F303xC || STM32F358xx                || */
1014:Drivers/STM32F3xx_HAL_Driver/Src/stm32f3xx_hal_dac_ex.c ****        /* STM32F303x8 || STM32F334x8 || STM32F328xx || */
1015:Drivers/STM32F3xx_HAL_Driver/Src/stm32f3xx_hal_dac_ex.c ****        /* STM32F373xC || STM32F378xx                   */
1016:Drivers/STM32F3xx_HAL_Driver/Src/stm32f3xx_hal_dac_ex.c **** /**
1017:Drivers/STM32F3xx_HAL_Driver/Src/stm32f3xx_hal_dac_ex.c ****   * @}
1018:Drivers/STM32F3xx_HAL_Driver/Src/stm32f3xx_hal_dac_ex.c ****   */
1019:Drivers/STM32F3xx_HAL_Driver/Src/stm32f3xx_hal_dac_ex.c **** 
1020:Drivers/STM32F3xx_HAL_Driver/Src/stm32f3xx_hal_dac_ex.c **** /**
1021:Drivers/STM32F3xx_HAL_Driver/Src/stm32f3xx_hal_dac_ex.c ****   * @}
1022:Drivers/STM32F3xx_HAL_Driver/Src/stm32f3xx_hal_dac_ex.c ****   */
1023:Drivers/STM32F3xx_HAL_Driver/Src/stm32f3xx_hal_dac_ex.c **** 
1024:Drivers/STM32F3xx_HAL_Driver/Src/stm32f3xx_hal_dac_ex.c **** /** @addtogroup DACEx_Private_Functions
1025:Drivers/STM32F3xx_HAL_Driver/Src/stm32f3xx_hal_dac_ex.c ****   * @{
1026:Drivers/STM32F3xx_HAL_Driver/Src/stm32f3xx_hal_dac_ex.c ****   */
1027:Drivers/STM32F3xx_HAL_Driver/Src/stm32f3xx_hal_dac_ex.c ****   
1028:Drivers/STM32F3xx_HAL_Driver/Src/stm32f3xx_hal_dac_ex.c **** /**
1029:Drivers/STM32F3xx_HAL_Driver/Src/stm32f3xx_hal_dac_ex.c ****   * @brief  DMA conversion complete callback. 
1030:Drivers/STM32F3xx_HAL_Driver/Src/stm32f3xx_hal_dac_ex.c ****   * @param  hdma pointer to DMA handle.
1031:Drivers/STM32F3xx_HAL_Driver/Src/stm32f3xx_hal_dac_ex.c ****   * @retval None
1032:Drivers/STM32F3xx_HAL_Driver/Src/stm32f3xx_hal_dac_ex.c ****   */
1033:Drivers/STM32F3xx_HAL_Driver/Src/stm32f3xx_hal_dac_ex.c **** static void DAC_DMAConvCpltCh1(DMA_HandleTypeDef *hdma)   
1034:Drivers/STM32F3xx_HAL_Driver/Src/stm32f3xx_hal_dac_ex.c **** {
1035:Drivers/STM32F3xx_HAL_Driver/Src/stm32f3xx_hal_dac_ex.c ****   DAC_HandleTypeDef* hdac = ( DAC_HandleTypeDef* )((DMA_HandleTypeDef* )hdma)->Parent;
1036:Drivers/STM32F3xx_HAL_Driver/Src/stm32f3xx_hal_dac_ex.c ****   
1037:Drivers/STM32F3xx_HAL_Driver/Src/stm32f3xx_hal_dac_ex.c **** #if (USE_HAL_DAC_REGISTER_CALLBACKS == 1)
1038:Drivers/STM32F3xx_HAL_Driver/Src/stm32f3xx_hal_dac_ex.c ****   hdac->ConvCpltCallbackCh1(hdac);
1039:Drivers/STM32F3xx_HAL_Driver/Src/stm32f3xx_hal_dac_ex.c **** #else
1040:Drivers/STM32F3xx_HAL_Driver/Src/stm32f3xx_hal_dac_ex.c ****   HAL_DAC_ConvCpltCallbackCh1(hdac); 
1041:Drivers/STM32F3xx_HAL_Driver/Src/stm32f3xx_hal_dac_ex.c **** #endif 
1042:Drivers/STM32F3xx_HAL_Driver/Src/stm32f3xx_hal_dac_ex.c ****   
1043:Drivers/STM32F3xx_HAL_Driver/Src/stm32f3xx_hal_dac_ex.c ****   hdac->State= HAL_DAC_STATE_READY;
1044:Drivers/STM32F3xx_HAL_Driver/Src/stm32f3xx_hal_dac_ex.c **** }
1045:Drivers/STM32F3xx_HAL_Driver/Src/stm32f3xx_hal_dac_ex.c **** 
1046:Drivers/STM32F3xx_HAL_Driver/Src/stm32f3xx_hal_dac_ex.c **** /**
1047:Drivers/STM32F3xx_HAL_Driver/Src/stm32f3xx_hal_dac_ex.c ****   * @brief  DMA half transfer complete callback. 
1048:Drivers/STM32F3xx_HAL_Driver/Src/stm32f3xx_hal_dac_ex.c ****   * @param  hdma pointer to DMA handle.
1049:Drivers/STM32F3xx_HAL_Driver/Src/stm32f3xx_hal_dac_ex.c ****   * @retval None
1050:Drivers/STM32F3xx_HAL_Driver/Src/stm32f3xx_hal_dac_ex.c ****   */
1051:Drivers/STM32F3xx_HAL_Driver/Src/stm32f3xx_hal_dac_ex.c **** static void DAC_DMAHalfConvCpltCh1(DMA_HandleTypeDef *hdma)   
1052:Drivers/STM32F3xx_HAL_Driver/Src/stm32f3xx_hal_dac_ex.c **** {
1053:Drivers/STM32F3xx_HAL_Driver/Src/stm32f3xx_hal_dac_ex.c ****     DAC_HandleTypeDef* hdac = ( DAC_HandleTypeDef* )((DMA_HandleTypeDef* )hdma)->Parent;
1054:Drivers/STM32F3xx_HAL_Driver/Src/stm32f3xx_hal_dac_ex.c **** 
1055:Drivers/STM32F3xx_HAL_Driver/Src/stm32f3xx_hal_dac_ex.c ****     /* Conversion complete callback */
1056:Drivers/STM32F3xx_HAL_Driver/Src/stm32f3xx_hal_dac_ex.c **** #if (USE_HAL_DAC_REGISTER_CALLBACKS == 1)
ARM GAS  C:\Users\SHUCHE~1\AppData\Local\Temp\ccVBdqL7.s 			page 20


1057:Drivers/STM32F3xx_HAL_Driver/Src/stm32f3xx_hal_dac_ex.c ****   hdac->ConvHalfCpltCallbackCh1(hdac);
1058:Drivers/STM32F3xx_HAL_Driver/Src/stm32f3xx_hal_dac_ex.c **** #else
1059:Drivers/STM32F3xx_HAL_Driver/Src/stm32f3xx_hal_dac_ex.c ****     HAL_DAC_ConvHalfCpltCallbackCh1(hdac); 
1060:Drivers/STM32F3xx_HAL_Driver/Src/stm32f3xx_hal_dac_ex.c **** #endif
1061:Drivers/STM32F3xx_HAL_Driver/Src/stm32f3xx_hal_dac_ex.c **** }
1062:Drivers/STM32F3xx_HAL_Driver/Src/stm32f3xx_hal_dac_ex.c **** 
1063:Drivers/STM32F3xx_HAL_Driver/Src/stm32f3xx_hal_dac_ex.c **** /**
1064:Drivers/STM32F3xx_HAL_Driver/Src/stm32f3xx_hal_dac_ex.c ****   * @brief  DMA error callback 
1065:Drivers/STM32F3xx_HAL_Driver/Src/stm32f3xx_hal_dac_ex.c ****   * @param  hdma pointer to DMA handle.
1066:Drivers/STM32F3xx_HAL_Driver/Src/stm32f3xx_hal_dac_ex.c ****   * @retval None
1067:Drivers/STM32F3xx_HAL_Driver/Src/stm32f3xx_hal_dac_ex.c ****   */
1068:Drivers/STM32F3xx_HAL_Driver/Src/stm32f3xx_hal_dac_ex.c **** static void DAC_DMAErrorCh1(DMA_HandleTypeDef *hdma)   
1069:Drivers/STM32F3xx_HAL_Driver/Src/stm32f3xx_hal_dac_ex.c **** {
  29              		.loc 1 1069 1 view -0
  30              		.cfi_startproc
  31              		@ args = 0, pretend = 0, frame = 0
  32              		@ frame_needed = 0, uses_anonymous_args = 0
  33              		.loc 1 1069 1 is_stmt 0 view .LVU1
  34 0000 10B5     		push	{r4, lr}
  35              	.LCFI0:
  36              		.cfi_def_cfa_offset 8
  37              		.cfi_offset 4, -8
  38              		.cfi_offset 14, -4
1070:Drivers/STM32F3xx_HAL_Driver/Src/stm32f3xx_hal_dac_ex.c ****   DAC_HandleTypeDef* hdac = ( DAC_HandleTypeDef* )((DMA_HandleTypeDef* )hdma)->Parent;
  39              		.loc 1 1070 3 is_stmt 1 view .LVU2
  40              		.loc 1 1070 22 is_stmt 0 view .LVU3
  41 0002 446A     		ldr	r4, [r0, #36]
  42              	.LVL1:
1071:Drivers/STM32F3xx_HAL_Driver/Src/stm32f3xx_hal_dac_ex.c ****     
1072:Drivers/STM32F3xx_HAL_Driver/Src/stm32f3xx_hal_dac_ex.c ****   /* Set DAC error code to DMA error */
1073:Drivers/STM32F3xx_HAL_Driver/Src/stm32f3xx_hal_dac_ex.c ****   hdac->ErrorCode |= HAL_DAC_ERROR_DMA;
  43              		.loc 1 1073 3 is_stmt 1 view .LVU4
  44              		.loc 1 1073 7 is_stmt 0 view .LVU5
  45 0004 2369     		ldr	r3, [r4, #16]
  46              		.loc 1 1073 19 view .LVU6
  47 0006 43F00403 		orr	r3, r3, #4
  48 000a 2361     		str	r3, [r4, #16]
1074:Drivers/STM32F3xx_HAL_Driver/Src/stm32f3xx_hal_dac_ex.c ****     
1075:Drivers/STM32F3xx_HAL_Driver/Src/stm32f3xx_hal_dac_ex.c **** #if (USE_HAL_DAC_REGISTER_CALLBACKS == 1)
1076:Drivers/STM32F3xx_HAL_Driver/Src/stm32f3xx_hal_dac_ex.c ****   hdac->ErrorCallbackCh1(hdac);
1077:Drivers/STM32F3xx_HAL_Driver/Src/stm32f3xx_hal_dac_ex.c **** #else  
1078:Drivers/STM32F3xx_HAL_Driver/Src/stm32f3xx_hal_dac_ex.c ****   HAL_DAC_ErrorCallbackCh1(hdac); 
  49              		.loc 1 1078 3 is_stmt 1 view .LVU7
  50 000c 2046     		mov	r0, r4
  51              	.LVL2:
  52              		.loc 1 1078 3 is_stmt 0 view .LVU8
  53 000e FFF7FEFF 		bl	HAL_DAC_ErrorCallbackCh1
  54              	.LVL3:
1079:Drivers/STM32F3xx_HAL_Driver/Src/stm32f3xx_hal_dac_ex.c **** #endif
1080:Drivers/STM32F3xx_HAL_Driver/Src/stm32f3xx_hal_dac_ex.c ****     
1081:Drivers/STM32F3xx_HAL_Driver/Src/stm32f3xx_hal_dac_ex.c ****   hdac->State= HAL_DAC_STATE_READY;
  55              		.loc 1 1081 3 is_stmt 1 view .LVU9
  56              		.loc 1 1081 14 is_stmt 0 view .LVU10
  57 0012 0123     		movs	r3, #1
  58 0014 2371     		strb	r3, [r4, #4]
1082:Drivers/STM32F3xx_HAL_Driver/Src/stm32f3xx_hal_dac_ex.c **** }
  59              		.loc 1 1082 1 view .LVU11
ARM GAS  C:\Users\SHUCHE~1\AppData\Local\Temp\ccVBdqL7.s 			page 21


  60 0016 10BD     		pop	{r4, pc}
  61              		.loc 1 1082 1 view .LVU12
  62              		.cfi_endproc
  63              	.LFE139:
  65              		.section	.text.DAC_DMAHalfConvCpltCh1,"ax",%progbits
  66              		.align	1
  67              		.syntax unified
  68              		.thumb
  69              		.thumb_func
  71              	DAC_DMAHalfConvCpltCh1:
  72              	.LVL4:
  73              	.LFB138:
1052:Drivers/STM32F3xx_HAL_Driver/Src/stm32f3xx_hal_dac_ex.c ****     DAC_HandleTypeDef* hdac = ( DAC_HandleTypeDef* )((DMA_HandleTypeDef* )hdma)->Parent;
  74              		.loc 1 1052 1 is_stmt 1 view -0
  75              		.cfi_startproc
  76              		@ args = 0, pretend = 0, frame = 0
  77              		@ frame_needed = 0, uses_anonymous_args = 0
1052:Drivers/STM32F3xx_HAL_Driver/Src/stm32f3xx_hal_dac_ex.c ****     DAC_HandleTypeDef* hdac = ( DAC_HandleTypeDef* )((DMA_HandleTypeDef* )hdma)->Parent;
  78              		.loc 1 1052 1 is_stmt 0 view .LVU14
  79 0000 08B5     		push	{r3, lr}
  80              	.LCFI1:
  81              		.cfi_def_cfa_offset 8
  82              		.cfi_offset 3, -8
  83              		.cfi_offset 14, -4
1053:Drivers/STM32F3xx_HAL_Driver/Src/stm32f3xx_hal_dac_ex.c **** 
  84              		.loc 1 1053 5 is_stmt 1 view .LVU15
  85              	.LVL5:
1059:Drivers/STM32F3xx_HAL_Driver/Src/stm32f3xx_hal_dac_ex.c **** #endif
  86              		.loc 1 1059 5 view .LVU16
  87 0002 406A     		ldr	r0, [r0, #36]
  88              	.LVL6:
1059:Drivers/STM32F3xx_HAL_Driver/Src/stm32f3xx_hal_dac_ex.c **** #endif
  89              		.loc 1 1059 5 is_stmt 0 view .LVU17
  90 0004 FFF7FEFF 		bl	HAL_DAC_ConvHalfCpltCallbackCh1
  91              	.LVL7:
1061:Drivers/STM32F3xx_HAL_Driver/Src/stm32f3xx_hal_dac_ex.c **** 
  92              		.loc 1 1061 1 view .LVU18
  93 0008 08BD     		pop	{r3, pc}
  94              		.cfi_endproc
  95              	.LFE138:
  97              		.section	.text.DAC_DMAConvCpltCh1,"ax",%progbits
  98              		.align	1
  99              		.syntax unified
 100              		.thumb
 101              		.thumb_func
 103              	DAC_DMAConvCpltCh1:
 104              	.LVL8:
 105              	.LFB137:
1034:Drivers/STM32F3xx_HAL_Driver/Src/stm32f3xx_hal_dac_ex.c ****   DAC_HandleTypeDef* hdac = ( DAC_HandleTypeDef* )((DMA_HandleTypeDef* )hdma)->Parent;
 106              		.loc 1 1034 1 is_stmt 1 view -0
 107              		.cfi_startproc
 108              		@ args = 0, pretend = 0, frame = 0
 109              		@ frame_needed = 0, uses_anonymous_args = 0
1034:Drivers/STM32F3xx_HAL_Driver/Src/stm32f3xx_hal_dac_ex.c ****   DAC_HandleTypeDef* hdac = ( DAC_HandleTypeDef* )((DMA_HandleTypeDef* )hdma)->Parent;
 110              		.loc 1 1034 1 is_stmt 0 view .LVU20
 111 0000 10B5     		push	{r4, lr}
 112              	.LCFI2:
ARM GAS  C:\Users\SHUCHE~1\AppData\Local\Temp\ccVBdqL7.s 			page 22


 113              		.cfi_def_cfa_offset 8
 114              		.cfi_offset 4, -8
 115              		.cfi_offset 14, -4
1035:Drivers/STM32F3xx_HAL_Driver/Src/stm32f3xx_hal_dac_ex.c ****   
 116              		.loc 1 1035 3 is_stmt 1 view .LVU21
1035:Drivers/STM32F3xx_HAL_Driver/Src/stm32f3xx_hal_dac_ex.c ****   
 117              		.loc 1 1035 22 is_stmt 0 view .LVU22
 118 0002 446A     		ldr	r4, [r0, #36]
 119              	.LVL9:
1040:Drivers/STM32F3xx_HAL_Driver/Src/stm32f3xx_hal_dac_ex.c **** #endif 
 120              		.loc 1 1040 3 is_stmt 1 view .LVU23
 121 0004 2046     		mov	r0, r4
 122              	.LVL10:
1040:Drivers/STM32F3xx_HAL_Driver/Src/stm32f3xx_hal_dac_ex.c **** #endif 
 123              		.loc 1 1040 3 is_stmt 0 view .LVU24
 124 0006 FFF7FEFF 		bl	HAL_DAC_ConvCpltCallbackCh1
 125              	.LVL11:
1043:Drivers/STM32F3xx_HAL_Driver/Src/stm32f3xx_hal_dac_ex.c **** }
 126              		.loc 1 1043 3 is_stmt 1 view .LVU25
1043:Drivers/STM32F3xx_HAL_Driver/Src/stm32f3xx_hal_dac_ex.c **** }
 127              		.loc 1 1043 14 is_stmt 0 view .LVU26
 128 000a 0123     		movs	r3, #1
 129 000c 2371     		strb	r3, [r4, #4]
1044:Drivers/STM32F3xx_HAL_Driver/Src/stm32f3xx_hal_dac_ex.c **** 
 130              		.loc 1 1044 1 view .LVU27
 131 000e 10BD     		pop	{r4, pc}
1044:Drivers/STM32F3xx_HAL_Driver/Src/stm32f3xx_hal_dac_ex.c **** 
 132              		.loc 1 1044 1 view .LVU28
 133              		.cfi_endproc
 134              	.LFE137:
 136              		.section	.text.HAL_DAC_SetValue,"ax",%progbits
 137              		.align	1
 138              		.global	HAL_DAC_SetValue
 139              		.syntax unified
 140              		.thumb
 141              		.thumb_func
 143              	HAL_DAC_SetValue:
 144              	.LVL12:
 145              	.LFB123:
 113:Drivers/STM32F3xx_HAL_Driver/Src/stm32f3xx_hal_dac_ex.c ****   __IO uint32_t tmp = 0U;
 146              		.loc 1 113 1 is_stmt 1 view -0
 147              		.cfi_startproc
 148              		@ args = 0, pretend = 0, frame = 8
 149              		@ frame_needed = 0, uses_anonymous_args = 0
 150              		@ link register save eliminated.
 113:Drivers/STM32F3xx_HAL_Driver/Src/stm32f3xx_hal_dac_ex.c ****   __IO uint32_t tmp = 0U;
 151              		.loc 1 113 1 is_stmt 0 view .LVU30
 152 0000 10B4     		push	{r4}
 153              	.LCFI3:
 154              		.cfi_def_cfa_offset 4
 155              		.cfi_offset 4, -4
 156 0002 83B0     		sub	sp, sp, #12
 157              	.LCFI4:
 158              		.cfi_def_cfa_offset 16
 114:Drivers/STM32F3xx_HAL_Driver/Src/stm32f3xx_hal_dac_ex.c ****   
 159              		.loc 1 114 3 is_stmt 1 view .LVU31
 114:Drivers/STM32F3xx_HAL_Driver/Src/stm32f3xx_hal_dac_ex.c ****   
ARM GAS  C:\Users\SHUCHE~1\AppData\Local\Temp\ccVBdqL7.s 			page 23


 160              		.loc 1 114 17 is_stmt 0 view .LVU32
 161 0004 0024     		movs	r4, #0
 162 0006 0194     		str	r4, [sp, #4]
 117:Drivers/STM32F3xx_HAL_Driver/Src/stm32f3xx_hal_dac_ex.c ****   assert_param(IS_DAC_ALIGN(Alignment));
 163              		.loc 1 117 3 is_stmt 1 view .LVU33
 118:Drivers/STM32F3xx_HAL_Driver/Src/stm32f3xx_hal_dac_ex.c ****   assert_param(IS_DAC_DATA(Data));
 164              		.loc 1 118 3 view .LVU34
 119:Drivers/STM32F3xx_HAL_Driver/Src/stm32f3xx_hal_dac_ex.c ****    
 165              		.loc 1 119 3 view .LVU35
 121:Drivers/STM32F3xx_HAL_Driver/Src/stm32f3xx_hal_dac_ex.c **** 
 166              		.loc 1 121 3 view .LVU36
 121:Drivers/STM32F3xx_HAL_Driver/Src/stm32f3xx_hal_dac_ex.c **** 
 167              		.loc 1 121 25 is_stmt 0 view .LVU37
 168 0008 0068     		ldr	r0, [r0]
 169              	.LVL13:
 121:Drivers/STM32F3xx_HAL_Driver/Src/stm32f3xx_hal_dac_ex.c **** 
 170              		.loc 1 121 7 view .LVU38
 171 000a 0190     		str	r0, [sp, #4]
 126:Drivers/STM32F3xx_HAL_Driver/Src/stm32f3xx_hal_dac_ex.c ****   {
 172              		.loc 1 126 3 is_stmt 1 view .LVU39
 126:Drivers/STM32F3xx_HAL_Driver/Src/stm32f3xx_hal_dac_ex.c ****   {
 173              		.loc 1 126 5 is_stmt 0 view .LVU40
 174 000c 51B9     		cbnz	r1, .L8
 128:Drivers/STM32F3xx_HAL_Driver/Src/stm32f3xx_hal_dac_ex.c ****   }
 175              		.loc 1 128 5 is_stmt 1 view .LVU41
 128:Drivers/STM32F3xx_HAL_Driver/Src/stm32f3xx_hal_dac_ex.c ****   }
 176              		.loc 1 128 9 is_stmt 0 view .LVU42
 177 000e 0199     		ldr	r1, [sp, #4]
 178              	.LVL14:
 128:Drivers/STM32F3xx_HAL_Driver/Src/stm32f3xx_hal_dac_ex.c ****   }
 179              		.loc 1 128 9 view .LVU43
 180 0010 0A44     		add	r2, r2, r1
 181              	.LVL15:
 128:Drivers/STM32F3xx_HAL_Driver/Src/stm32f3xx_hal_dac_ex.c ****   }
 182              		.loc 1 128 9 view .LVU44
 183 0012 0832     		adds	r2, r2, #8
 184 0014 0192     		str	r2, [sp, #4]
 185              	.L9:
 144:Drivers/STM32F3xx_HAL_Driver/Src/stm32f3xx_hal_dac_ex.c ****   
 186              		.loc 1 144 3 is_stmt 1 view .LVU45
 144:Drivers/STM32F3xx_HAL_Driver/Src/stm32f3xx_hal_dac_ex.c ****   
 187              		.loc 1 144 4 is_stmt 0 view .LVU46
 188 0016 019A     		ldr	r2, [sp, #4]
 144:Drivers/STM32F3xx_HAL_Driver/Src/stm32f3xx_hal_dac_ex.c ****   
 189              		.loc 1 144 26 view .LVU47
 190 0018 1360     		str	r3, [r2]
 147:Drivers/STM32F3xx_HAL_Driver/Src/stm32f3xx_hal_dac_ex.c **** }
 191              		.loc 1 147 3 is_stmt 1 view .LVU48
 148:Drivers/STM32F3xx_HAL_Driver/Src/stm32f3xx_hal_dac_ex.c **** 
 192              		.loc 1 148 1 is_stmt 0 view .LVU49
 193 001a 0020     		movs	r0, #0
 194 001c 03B0     		add	sp, sp, #12
 195              	.LCFI5:
 196              		.cfi_remember_state
 197              		.cfi_def_cfa_offset 4
 198              		@ sp needed
 199 001e 5DF8044B 		ldr	r4, [sp], #4
ARM GAS  C:\Users\SHUCHE~1\AppData\Local\Temp\ccVBdqL7.s 			page 24


 200              	.LCFI6:
 201              		.cfi_restore 4
 202              		.cfi_def_cfa_offset 0
 203 0022 7047     		bx	lr
 204              	.LVL16:
 205              	.L8:
 206              	.LCFI7:
 207              		.cfi_restore_state
 136:Drivers/STM32F3xx_HAL_Driver/Src/stm32f3xx_hal_dac_ex.c ****   }
 208              		.loc 1 136 5 is_stmt 1 view .LVU50
 136:Drivers/STM32F3xx_HAL_Driver/Src/stm32f3xx_hal_dac_ex.c ****   }
 209              		.loc 1 136 9 is_stmt 0 view .LVU51
 210 0024 0199     		ldr	r1, [sp, #4]
 211              	.LVL17:
 136:Drivers/STM32F3xx_HAL_Driver/Src/stm32f3xx_hal_dac_ex.c ****   }
 212              		.loc 1 136 9 view .LVU52
 213 0026 0A44     		add	r2, r2, r1
 214              	.LVL18:
 136:Drivers/STM32F3xx_HAL_Driver/Src/stm32f3xx_hal_dac_ex.c ****   }
 215              		.loc 1 136 9 view .LVU53
 216 0028 1432     		adds	r2, r2, #20
 217 002a 0192     		str	r2, [sp, #4]
 218 002c F3E7     		b	.L9
 219              		.cfi_endproc
 220              	.LFE123:
 222              		.section	.text.HAL_DACEx_DualSetValue,"ax",%progbits
 223              		.align	1
 224              		.global	HAL_DACEx_DualSetValue
 225              		.syntax unified
 226              		.thumb
 227              		.thumb_func
 229              	HAL_DACEx_DualSetValue:
 230              	.LVL19:
 231              	.LFB124:
 171:Drivers/STM32F3xx_HAL_Driver/Src/stm32f3xx_hal_dac_ex.c ****   uint32_t data = 0U, tmp = 0U;
 232              		.loc 1 171 1 is_stmt 1 view -0
 233              		.cfi_startproc
 234              		@ args = 0, pretend = 0, frame = 0
 235              		@ frame_needed = 0, uses_anonymous_args = 0
 236              		@ link register save eliminated.
 172:Drivers/STM32F3xx_HAL_Driver/Src/stm32f3xx_hal_dac_ex.c **** 
 237              		.loc 1 172 3 view .LVU55
 175:Drivers/STM32F3xx_HAL_Driver/Src/stm32f3xx_hal_dac_ex.c ****   assert_param(IS_DAC_DATA(Data1));
 238              		.loc 1 175 3 view .LVU56
 176:Drivers/STM32F3xx_HAL_Driver/Src/stm32f3xx_hal_dac_ex.c ****   assert_param(IS_DAC_DATA(Data2));
 239              		.loc 1 176 3 view .LVU57
 177:Drivers/STM32F3xx_HAL_Driver/Src/stm32f3xx_hal_dac_ex.c **** 
 240              		.loc 1 177 3 view .LVU58
 180:Drivers/STM32F3xx_HAL_Driver/Src/stm32f3xx_hal_dac_ex.c ****   {
 241              		.loc 1 180 3 view .LVU59
 180:Drivers/STM32F3xx_HAL_Driver/Src/stm32f3xx_hal_dac_ex.c ****   {
 242              		.loc 1 180 6 is_stmt 0 view .LVU60
 243 0000 0829     		cmp	r1, #8
 244 0002 06D0     		beq	.L14
 186:Drivers/STM32F3xx_HAL_Driver/Src/stm32f3xx_hal_dac_ex.c ****   }
 245              		.loc 1 186 5 is_stmt 1 view .LVU61
 186:Drivers/STM32F3xx_HAL_Driver/Src/stm32f3xx_hal_dac_ex.c ****   }
ARM GAS  C:\Users\SHUCHE~1\AppData\Local\Temp\ccVBdqL7.s 			page 25


 246              		.loc 1 186 10 is_stmt 0 view .LVU62
 247 0004 42EA0342 		orr	r2, r2, r3, lsl #16
 248              	.LVL20:
 249              	.L13:
 189:Drivers/STM32F3xx_HAL_Driver/Src/stm32f3xx_hal_dac_ex.c ****     tmp += DAC_DHR12RD_ALIGNMENT(Alignment);
 250              		.loc 1 189 5 is_stmt 1 view .LVU63
 189:Drivers/STM32F3xx_HAL_Driver/Src/stm32f3xx_hal_dac_ex.c ****     tmp += DAC_DHR12RD_ALIGNMENT(Alignment);
 251              		.loc 1 189 27 is_stmt 0 view .LVU64
 252 0008 0368     		ldr	r3, [r0]
 253              	.LVL21:
 190:Drivers/STM32F3xx_HAL_Driver/Src/stm32f3xx_hal_dac_ex.c **** 
 254              		.loc 1 190 5 is_stmt 1 view .LVU65
 190:Drivers/STM32F3xx_HAL_Driver/Src/stm32f3xx_hal_dac_ex.c **** 
 255              		.loc 1 190 9 is_stmt 0 view .LVU66
 256 000a 1944     		add	r1, r1, r3
 257              	.LVL22:
 193:Drivers/STM32F3xx_HAL_Driver/Src/stm32f3xx_hal_dac_ex.c **** 
 258              		.loc 1 193 3 is_stmt 1 view .LVU67
 193:Drivers/STM32F3xx_HAL_Driver/Src/stm32f3xx_hal_dac_ex.c **** 
 259              		.loc 1 193 25 is_stmt 0 view .LVU68
 260 000c 0A62     		str	r2, [r1, #32]
 196:Drivers/STM32F3xx_HAL_Driver/Src/stm32f3xx_hal_dac_ex.c **** }
 261              		.loc 1 196 3 is_stmt 1 view .LVU69
 197:Drivers/STM32F3xx_HAL_Driver/Src/stm32f3xx_hal_dac_ex.c **** #endif /* STM32F303xE || STM32F398xx                || */
 262              		.loc 1 197 1 is_stmt 0 view .LVU70
 263 000e 0020     		movs	r0, #0
 264              	.LVL23:
 197:Drivers/STM32F3xx_HAL_Driver/Src/stm32f3xx_hal_dac_ex.c **** #endif /* STM32F303xE || STM32F398xx                || */
 265              		.loc 1 197 1 view .LVU71
 266 0010 7047     		bx	lr
 267              	.LVL24:
 268              	.L14:
 182:Drivers/STM32F3xx_HAL_Driver/Src/stm32f3xx_hal_dac_ex.c ****   }
 269              		.loc 1 182 5 is_stmt 1 view .LVU72
 182:Drivers/STM32F3xx_HAL_Driver/Src/stm32f3xx_hal_dac_ex.c ****   }
 270              		.loc 1 182 10 is_stmt 0 view .LVU73
 271 0012 42EA0322 		orr	r2, r2, r3, lsl #8
 272              	.LVL25:
 182:Drivers/STM32F3xx_HAL_Driver/Src/stm32f3xx_hal_dac_ex.c ****   }
 273              		.loc 1 182 10 view .LVU74
 274 0016 F7E7     		b	.L13
 275              		.cfi_endproc
 276              	.LFE124:
 278              		.section	.text.HAL_DAC_Start,"ax",%progbits
 279              		.align	1
 280              		.global	HAL_DAC_Start
 281              		.syntax unified
 282              		.thumb
 283              		.thumb_func
 285              	HAL_DAC_Start:
 286              	.LVL26:
 287              	.LFB125:
 243:Drivers/STM32F3xx_HAL_Driver/Src/stm32f3xx_hal_dac_ex.c ****   /* Check the parameters */
 288              		.loc 1 243 1 is_stmt 1 view -0
 289              		.cfi_startproc
 290              		@ args = 0, pretend = 0, frame = 0
 291              		@ frame_needed = 0, uses_anonymous_args = 0
ARM GAS  C:\Users\SHUCHE~1\AppData\Local\Temp\ccVBdqL7.s 			page 26


 292              		@ link register save eliminated.
 245:Drivers/STM32F3xx_HAL_Driver/Src/stm32f3xx_hal_dac_ex.c ****   
 293              		.loc 1 245 3 view .LVU76
 248:Drivers/STM32F3xx_HAL_Driver/Src/stm32f3xx_hal_dac_ex.c ****   
 294              		.loc 1 248 3 view .LVU77
 248:Drivers/STM32F3xx_HAL_Driver/Src/stm32f3xx_hal_dac_ex.c ****   
 295              		.loc 1 248 3 view .LVU78
 296 0000 4279     		ldrb	r2, [r0, #5]	@ zero_extendqisi2
 297 0002 012A     		cmp	r2, #1
 298 0004 29D0     		beq	.L19
 243:Drivers/STM32F3xx_HAL_Driver/Src/stm32f3xx_hal_dac_ex.c ****   /* Check the parameters */
 299              		.loc 1 243 1 is_stmt 0 discriminator 2 view .LVU79
 300 0006 10B4     		push	{r4}
 301              	.LCFI8:
 302              		.cfi_def_cfa_offset 4
 303              		.cfi_offset 4, -4
 304 0008 0346     		mov	r3, r0
 248:Drivers/STM32F3xx_HAL_Driver/Src/stm32f3xx_hal_dac_ex.c ****   
 305              		.loc 1 248 3 is_stmt 1 discriminator 2 view .LVU80
 306 000a 0122     		movs	r2, #1
 307 000c 4271     		strb	r2, [r0, #5]
 248:Drivers/STM32F3xx_HAL_Driver/Src/stm32f3xx_hal_dac_ex.c ****   
 308              		.loc 1 248 3 discriminator 2 view .LVU81
 251:Drivers/STM32F3xx_HAL_Driver/Src/stm32f3xx_hal_dac_ex.c ****   
 309              		.loc 1 251 3 discriminator 2 view .LVU82
 251:Drivers/STM32F3xx_HAL_Driver/Src/stm32f3xx_hal_dac_ex.c ****   
 310              		.loc 1 251 15 is_stmt 0 discriminator 2 view .LVU83
 311 000e 0220     		movs	r0, #2
 312              	.LVL27:
 251:Drivers/STM32F3xx_HAL_Driver/Src/stm32f3xx_hal_dac_ex.c ****   
 313              		.loc 1 251 15 discriminator 2 view .LVU84
 314 0010 1871     		strb	r0, [r3, #4]
 254:Drivers/STM32F3xx_HAL_Driver/Src/stm32f3xx_hal_dac_ex.c ****   
 315              		.loc 1 254 3 is_stmt 1 discriminator 2 view .LVU85
 316 0012 1C68     		ldr	r4, [r3]
 317 0014 2068     		ldr	r0, [r4]
 318 0016 8A40     		lsls	r2, r2, r1
 319 0018 0243     		orrs	r2, r2, r0
 320 001a 2260     		str	r2, [r4]
 256:Drivers/STM32F3xx_HAL_Driver/Src/stm32f3xx_hal_dac_ex.c ****   {
 321              		.loc 1 256 3 discriminator 2 view .LVU86
 256:Drivers/STM32F3xx_HAL_Driver/Src/stm32f3xx_hal_dac_ex.c ****   {
 322              		.loc 1 256 5 is_stmt 0 discriminator 2 view .LVU87
 323 001c 89B9     		cbnz	r1, .L17
 259:Drivers/STM32F3xx_HAL_Driver/Src/stm32f3xx_hal_dac_ex.c ****     {
 324              		.loc 1 259 5 is_stmt 1 view .LVU88
 259:Drivers/STM32F3xx_HAL_Driver/Src/stm32f3xx_hal_dac_ex.c ****     {
 325              		.loc 1 259 13 is_stmt 0 view .LVU89
 326 001e 1968     		ldr	r1, [r3]
 327              	.LVL28:
 259:Drivers/STM32F3xx_HAL_Driver/Src/stm32f3xx_hal_dac_ex.c ****     {
 328              		.loc 1 259 23 view .LVU90
 329 0020 0A68     		ldr	r2, [r1]
 259:Drivers/STM32F3xx_HAL_Driver/Src/stm32f3xx_hal_dac_ex.c ****     {
 330              		.loc 1 259 28 view .LVU91
 331 0022 02F03C02 		and	r2, r2, #60
 259:Drivers/STM32F3xx_HAL_Driver/Src/stm32f3xx_hal_dac_ex.c ****     {
ARM GAS  C:\Users\SHUCHE~1\AppData\Local\Temp\ccVBdqL7.s 			page 27


 332              		.loc 1 259 7 view .LVU92
 333 0026 3C2A     		cmp	r2, #60
 334 0028 06D0     		beq	.L24
 335              	.L18:
 276:Drivers/STM32F3xx_HAL_Driver/Src/stm32f3xx_hal_dac_ex.c ****   
 336              		.loc 1 276 3 is_stmt 1 view .LVU93
 276:Drivers/STM32F3xx_HAL_Driver/Src/stm32f3xx_hal_dac_ex.c ****   
 337              		.loc 1 276 15 is_stmt 0 view .LVU94
 338 002a 0122     		movs	r2, #1
 339 002c 1A71     		strb	r2, [r3, #4]
 279:Drivers/STM32F3xx_HAL_Driver/Src/stm32f3xx_hal_dac_ex.c ****     
 340              		.loc 1 279 3 is_stmt 1 view .LVU95
 279:Drivers/STM32F3xx_HAL_Driver/Src/stm32f3xx_hal_dac_ex.c ****     
 341              		.loc 1 279 3 view .LVU96
 342 002e 0020     		movs	r0, #0
 343 0030 5871     		strb	r0, [r3, #5]
 279:Drivers/STM32F3xx_HAL_Driver/Src/stm32f3xx_hal_dac_ex.c ****     
 344              		.loc 1 279 3 view .LVU97
 282:Drivers/STM32F3xx_HAL_Driver/Src/stm32f3xx_hal_dac_ex.c **** }
 345              		.loc 1 282 3 view .LVU98
 283:Drivers/STM32F3xx_HAL_Driver/Src/stm32f3xx_hal_dac_ex.c **** #endif /* STM32F303xE || STM32F398xx                || */
 346              		.loc 1 283 1 is_stmt 0 view .LVU99
 347 0032 5DF8044B 		ldr	r4, [sp], #4
 348              	.LCFI9:
 349              		.cfi_remember_state
 350              		.cfi_restore 4
 351              		.cfi_def_cfa_offset 0
 352 0036 7047     		bx	lr
 353              	.L24:
 354              	.LCFI10:
 355              		.cfi_restore_state
 262:Drivers/STM32F3xx_HAL_Driver/Src/stm32f3xx_hal_dac_ex.c ****     }
 356              		.loc 1 262 7 is_stmt 1 view .LVU100
 357 0038 4A68     		ldr	r2, [r1, #4]
 358 003a 42F00102 		orr	r2, r2, #1
 359 003e 4A60     		str	r2, [r1, #4]
 360 0040 F3E7     		b	.L18
 361              	.LVL29:
 362              	.L17:
 268:Drivers/STM32F3xx_HAL_Driver/Src/stm32f3xx_hal_dac_ex.c ****     {
 363              		.loc 1 268 5 view .LVU101
 268:Drivers/STM32F3xx_HAL_Driver/Src/stm32f3xx_hal_dac_ex.c ****     {
 364              		.loc 1 268 13 is_stmt 0 view .LVU102
 365 0042 1968     		ldr	r1, [r3]
 366              	.LVL30:
 268:Drivers/STM32F3xx_HAL_Driver/Src/stm32f3xx_hal_dac_ex.c ****     {
 367              		.loc 1 268 23 view .LVU103
 368 0044 0A68     		ldr	r2, [r1]
 268:Drivers/STM32F3xx_HAL_Driver/Src/stm32f3xx_hal_dac_ex.c ****     {
 369              		.loc 1 268 28 view .LVU104
 370 0046 02F47012 		and	r2, r2, #3932160
 268:Drivers/STM32F3xx_HAL_Driver/Src/stm32f3xx_hal_dac_ex.c ****     {
 371              		.loc 1 268 7 view .LVU105
 372 004a B2F5701F 		cmp	r2, #3932160
 373 004e ECD1     		bne	.L18
 271:Drivers/STM32F3xx_HAL_Driver/Src/stm32f3xx_hal_dac_ex.c ****     }
 374              		.loc 1 271 7 is_stmt 1 view .LVU106
ARM GAS  C:\Users\SHUCHE~1\AppData\Local\Temp\ccVBdqL7.s 			page 28


 375 0050 4A68     		ldr	r2, [r1, #4]
 376 0052 42F00202 		orr	r2, r2, #2
 377 0056 4A60     		str	r2, [r1, #4]
 378 0058 E7E7     		b	.L18
 379              	.LVL31:
 380              	.L19:
 381              	.LCFI11:
 382              		.cfi_def_cfa_offset 0
 383              		.cfi_restore 4
 248:Drivers/STM32F3xx_HAL_Driver/Src/stm32f3xx_hal_dac_ex.c ****   
 384              		.loc 1 248 3 is_stmt 0 view .LVU107
 385 005a 0220     		movs	r0, #2
 386              	.LVL32:
 283:Drivers/STM32F3xx_HAL_Driver/Src/stm32f3xx_hal_dac_ex.c **** #endif /* STM32F303xE || STM32F398xx                || */
 387              		.loc 1 283 1 view .LVU108
 388 005c 7047     		bx	lr
 389              		.cfi_endproc
 390              	.LFE125:
 392              		.section	.text.HAL_DAC_Start_DMA,"ax",%progbits
 393              		.align	1
 394              		.global	HAL_DAC_Start_DMA
 395              		.syntax unified
 396              		.thumb
 397              		.thumb_func
 399              	HAL_DAC_Start_DMA:
 400              	.LVL33:
 401              	.LFB126:
 361:Drivers/STM32F3xx_HAL_Driver/Src/stm32f3xx_hal_dac_ex.c ****   uint32_t tmpreg = 0U;
 402              		.loc 1 361 1 is_stmt 1 view -0
 403              		.cfi_startproc
 404              		@ args = 4, pretend = 0, frame = 0
 405              		@ frame_needed = 0, uses_anonymous_args = 0
 361:Drivers/STM32F3xx_HAL_Driver/Src/stm32f3xx_hal_dac_ex.c ****   uint32_t tmpreg = 0U;
 406              		.loc 1 361 1 is_stmt 0 view .LVU110
 407 0000 70B5     		push	{r4, r5, r6, lr}
 408              	.LCFI12:
 409              		.cfi_def_cfa_offset 16
 410              		.cfi_offset 4, -16
 411              		.cfi_offset 5, -12
 412              		.cfi_offset 6, -8
 413              		.cfi_offset 14, -4
 414 0002 0446     		mov	r4, r0
 415 0004 0D46     		mov	r5, r1
 416 0006 1146     		mov	r1, r2
 417              	.LVL34:
 361:Drivers/STM32F3xx_HAL_Driver/Src/stm32f3xx_hal_dac_ex.c ****   uint32_t tmpreg = 0U;
 418              		.loc 1 361 1 view .LVU111
 419 0008 049A     		ldr	r2, [sp, #16]
 420              	.LVL35:
 362:Drivers/STM32F3xx_HAL_Driver/Src/stm32f3xx_hal_dac_ex.c ****     
 421              		.loc 1 362 3 is_stmt 1 view .LVU112
 365:Drivers/STM32F3xx_HAL_Driver/Src/stm32f3xx_hal_dac_ex.c ****   assert_param(IS_DAC_ALIGN(Alignment));
 422              		.loc 1 365 3 view .LVU113
 366:Drivers/STM32F3xx_HAL_Driver/Src/stm32f3xx_hal_dac_ex.c ****   
 423              		.loc 1 366 3 view .LVU114
 369:Drivers/STM32F3xx_HAL_Driver/Src/stm32f3xx_hal_dac_ex.c ****   
 424              		.loc 1 369 3 view .LVU115
ARM GAS  C:\Users\SHUCHE~1\AppData\Local\Temp\ccVBdqL7.s 			page 29


 369:Drivers/STM32F3xx_HAL_Driver/Src/stm32f3xx_hal_dac_ex.c ****   
 425              		.loc 1 369 3 view .LVU116
 426 000a 4079     		ldrb	r0, [r0, #5]	@ zero_extendqisi2
 427              	.LVL36:
 369:Drivers/STM32F3xx_HAL_Driver/Src/stm32f3xx_hal_dac_ex.c ****   
 428              		.loc 1 369 3 is_stmt 0 view .LVU117
 429 000c 0128     		cmp	r0, #1
 430 000e 5CD0     		beq	.L35
 369:Drivers/STM32F3xx_HAL_Driver/Src/stm32f3xx_hal_dac_ex.c ****   
 431              		.loc 1 369 3 is_stmt 1 discriminator 2 view .LVU118
 432 0010 0120     		movs	r0, #1
 433 0012 6071     		strb	r0, [r4, #5]
 369:Drivers/STM32F3xx_HAL_Driver/Src/stm32f3xx_hal_dac_ex.c ****   
 434              		.loc 1 369 3 discriminator 2 view .LVU119
 372:Drivers/STM32F3xx_HAL_Driver/Src/stm32f3xx_hal_dac_ex.c **** 
 435              		.loc 1 372 3 discriminator 2 view .LVU120
 372:Drivers/STM32F3xx_HAL_Driver/Src/stm32f3xx_hal_dac_ex.c **** 
 436              		.loc 1 372 15 is_stmt 0 discriminator 2 view .LVU121
 437 0014 0220     		movs	r0, #2
 438 0016 2071     		strb	r0, [r4, #4]
 374:Drivers/STM32F3xx_HAL_Driver/Src/stm32f3xx_hal_dac_ex.c ****   {
 439              		.loc 1 374 3 is_stmt 1 discriminator 2 view .LVU122
 374:Drivers/STM32F3xx_HAL_Driver/Src/stm32f3xx_hal_dac_ex.c ****   {
 440              		.loc 1 374 5 is_stmt 0 discriminator 2 view .LVU123
 441 0018 002D     		cmp	r5, #0
 442 001a 2FD1     		bne	.L27
 377:Drivers/STM32F3xx_HAL_Driver/Src/stm32f3xx_hal_dac_ex.c ****     
 443              		.loc 1 377 5 is_stmt 1 view .LVU124
 377:Drivers/STM32F3xx_HAL_Driver/Src/stm32f3xx_hal_dac_ex.c ****     
 444              		.loc 1 377 9 is_stmt 0 view .LVU125
 445 001c A068     		ldr	r0, [r4, #8]
 377:Drivers/STM32F3xx_HAL_Driver/Src/stm32f3xx_hal_dac_ex.c ****     
 446              		.loc 1 377 41 view .LVU126
 447 001e 2C4E     		ldr	r6, .L41
 448 0020 8662     		str	r6, [r0, #40]
 380:Drivers/STM32F3xx_HAL_Driver/Src/stm32f3xx_hal_dac_ex.c ****       
 449              		.loc 1 380 5 is_stmt 1 view .LVU127
 380:Drivers/STM32F3xx_HAL_Driver/Src/stm32f3xx_hal_dac_ex.c ****       
 450              		.loc 1 380 9 is_stmt 0 view .LVU128
 451 0022 A068     		ldr	r0, [r4, #8]
 380:Drivers/STM32F3xx_HAL_Driver/Src/stm32f3xx_hal_dac_ex.c ****       
 452              		.loc 1 380 45 view .LVU129
 453 0024 2B4E     		ldr	r6, .L41+4
 454 0026 C662     		str	r6, [r0, #44]
 383:Drivers/STM32F3xx_HAL_Driver/Src/stm32f3xx_hal_dac_ex.c **** 
 455              		.loc 1 383 5 is_stmt 1 view .LVU130
 383:Drivers/STM32F3xx_HAL_Driver/Src/stm32f3xx_hal_dac_ex.c **** 
 456              		.loc 1 383 9 is_stmt 0 view .LVU131
 457 0028 A068     		ldr	r0, [r4, #8]
 383:Drivers/STM32F3xx_HAL_Driver/Src/stm32f3xx_hal_dac_ex.c **** 
 458              		.loc 1 383 42 view .LVU132
 459 002a 2B4E     		ldr	r6, .L41+8
 460 002c 0663     		str	r6, [r0, #48]
 386:Drivers/STM32F3xx_HAL_Driver/Src/stm32f3xx_hal_dac_ex.c **** 
 461              		.loc 1 386 5 is_stmt 1 view .LVU133
 462 002e 2668     		ldr	r6, [r4]
 463 0030 3068     		ldr	r0, [r6]
ARM GAS  C:\Users\SHUCHE~1\AppData\Local\Temp\ccVBdqL7.s 			page 30


 464 0032 40F48050 		orr	r0, r0, #4096
 465 0036 3060     		str	r0, [r6]
 389:Drivers/STM32F3xx_HAL_Driver/Src/stm32f3xx_hal_dac_ex.c ****     {
 466              		.loc 1 389 5 view .LVU134
 467 0038 042A     		cmp	r2, #4
 468 003a 19D0     		beq	.L28
 469 003c 082A     		cmp	r2, #8
 470 003e 1AD0     		beq	.L29
 471 0040 9AB1     		cbz	r2, .L39
 472 0042 2A46     		mov	r2, r5
 473              	.LVL37:
 474              	.L30:
 442:Drivers/STM32F3xx_HAL_Driver/Src/stm32f3xx_hal_dac_ex.c ****   {
 475              		.loc 1 442 3 view .LVU135
 442:Drivers/STM32F3xx_HAL_Driver/Src/stm32f3xx_hal_dac_ex.c ****   {
 476              		.loc 1 442 5 is_stmt 0 view .LVU136
 477 0044 002D     		cmp	r5, #0
 478 0046 37D1     		bne	.L33
 445:Drivers/STM32F3xx_HAL_Driver/Src/stm32f3xx_hal_dac_ex.c **** 
 479              		.loc 1 445 5 is_stmt 1 view .LVU137
 480 0048 2668     		ldr	r6, [r4]
 481 004a 3068     		ldr	r0, [r6]
 482 004c 40F40050 		orr	r0, r0, #8192
 483 0050 3060     		str	r0, [r6]
 448:Drivers/STM32F3xx_HAL_Driver/Src/stm32f3xx_hal_dac_ex.c ****   } 
 484              		.loc 1 448 5 view .LVU138
 485 0052 A068     		ldr	r0, [r4, #8]
 486 0054 FFF7FEFF 		bl	HAL_DMA_Start_IT
 487              	.LVL38:
 488              	.L34:
 460:Drivers/STM32F3xx_HAL_Driver/Src/stm32f3xx_hal_dac_ex.c **** 
 489              		.loc 1 460 3 view .LVU139
 460:Drivers/STM32F3xx_HAL_Driver/Src/stm32f3xx_hal_dac_ex.c **** 
 490              		.loc 1 460 3 view .LVU140
 491 0058 0020     		movs	r0, #0
 492 005a 6071     		strb	r0, [r4, #5]
 460:Drivers/STM32F3xx_HAL_Driver/Src/stm32f3xx_hal_dac_ex.c **** 
 493              		.loc 1 460 3 view .LVU141
 463:Drivers/STM32F3xx_HAL_Driver/Src/stm32f3xx_hal_dac_ex.c ****   
 494              		.loc 1 463 3 view .LVU142
 495 005c 2168     		ldr	r1, [r4]
 496 005e 0B68     		ldr	r3, [r1]
 497 0060 0122     		movs	r2, #1
 498 0062 AA40     		lsls	r2, r2, r5
 499 0064 1343     		orrs	r3, r3, r2
 500 0066 0B60     		str	r3, [r1]
 466:Drivers/STM32F3xx_HAL_Driver/Src/stm32f3xx_hal_dac_ex.c **** }
 501              		.loc 1 466 3 view .LVU143
 502              	.LVL39:
 503              	.L26:
 467:Drivers/STM32F3xx_HAL_Driver/Src/stm32f3xx_hal_dac_ex.c **** #endif /* STM32F303xE || STM32F398xx                || */
 504              		.loc 1 467 1 is_stmt 0 view .LVU144
 505 0068 70BD     		pop	{r4, r5, r6, pc}
 506              	.LVL40:
 507              	.L39:
 393:Drivers/STM32F3xx_HAL_Driver/Src/stm32f3xx_hal_dac_ex.c ****         break;
 508              		.loc 1 393 9 is_stmt 1 view .LVU145
ARM GAS  C:\Users\SHUCHE~1\AppData\Local\Temp\ccVBdqL7.s 			page 31


 393:Drivers/STM32F3xx_HAL_Driver/Src/stm32f3xx_hal_dac_ex.c ****         break;
 509              		.loc 1 393 33 is_stmt 0 view .LVU146
 510 006a 2268     		ldr	r2, [r4]
 393:Drivers/STM32F3xx_HAL_Driver/Src/stm32f3xx_hal_dac_ex.c ****         break;
 511              		.loc 1 393 28 view .LVU147
 512 006c 0832     		adds	r2, r2, #8
 513              	.LVL41:
 394:Drivers/STM32F3xx_HAL_Driver/Src/stm32f3xx_hal_dac_ex.c ****       case DAC_ALIGN_12B_L:
 514              		.loc 1 394 9 is_stmt 1 view .LVU148
 515 006e E9E7     		b	.L30
 516              	.LVL42:
 517              	.L28:
 397:Drivers/STM32F3xx_HAL_Driver/Src/stm32f3xx_hal_dac_ex.c ****         break;
 518              		.loc 1 397 9 view .LVU149
 397:Drivers/STM32F3xx_HAL_Driver/Src/stm32f3xx_hal_dac_ex.c ****         break;
 519              		.loc 1 397 33 is_stmt 0 view .LVU150
 520 0070 2268     		ldr	r2, [r4]
 397:Drivers/STM32F3xx_HAL_Driver/Src/stm32f3xx_hal_dac_ex.c ****         break;
 521              		.loc 1 397 28 view .LVU151
 522 0072 0C32     		adds	r2, r2, #12
 523              	.LVL43:
 398:Drivers/STM32F3xx_HAL_Driver/Src/stm32f3xx_hal_dac_ex.c ****       case DAC_ALIGN_8B_R:
 524              		.loc 1 398 9 is_stmt 1 view .LVU152
 525 0074 E6E7     		b	.L30
 526              	.LVL44:
 527              	.L29:
 401:Drivers/STM32F3xx_HAL_Driver/Src/stm32f3xx_hal_dac_ex.c ****         break;
 528              		.loc 1 401 9 view .LVU153
 401:Drivers/STM32F3xx_HAL_Driver/Src/stm32f3xx_hal_dac_ex.c ****         break;
 529              		.loc 1 401 33 is_stmt 0 view .LVU154
 530 0076 2268     		ldr	r2, [r4]
 401:Drivers/STM32F3xx_HAL_Driver/Src/stm32f3xx_hal_dac_ex.c ****         break;
 531              		.loc 1 401 28 view .LVU155
 532 0078 1032     		adds	r2, r2, #16
 533              	.LVL45:
 402:Drivers/STM32F3xx_HAL_Driver/Src/stm32f3xx_hal_dac_ex.c ****       default:
 534              		.loc 1 402 9 is_stmt 1 view .LVU156
 535 007a E3E7     		b	.L30
 536              	.LVL46:
 537              	.L27:
 410:Drivers/STM32F3xx_HAL_Driver/Src/stm32f3xx_hal_dac_ex.c ****     
 538              		.loc 1 410 5 view .LVU157
 410:Drivers/STM32F3xx_HAL_Driver/Src/stm32f3xx_hal_dac_ex.c ****     
 539              		.loc 1 410 9 is_stmt 0 view .LVU158
 540 007c E068     		ldr	r0, [r4, #12]
 410:Drivers/STM32F3xx_HAL_Driver/Src/stm32f3xx_hal_dac_ex.c ****     
 541              		.loc 1 410 41 view .LVU159
 542 007e 174E     		ldr	r6, .L41+12
 543 0080 8662     		str	r6, [r0, #40]
 413:Drivers/STM32F3xx_HAL_Driver/Src/stm32f3xx_hal_dac_ex.c ****        
 544              		.loc 1 413 5 is_stmt 1 view .LVU160
 413:Drivers/STM32F3xx_HAL_Driver/Src/stm32f3xx_hal_dac_ex.c ****        
 545              		.loc 1 413 9 is_stmt 0 view .LVU161
 546 0082 E068     		ldr	r0, [r4, #12]
 413:Drivers/STM32F3xx_HAL_Driver/Src/stm32f3xx_hal_dac_ex.c ****        
 547              		.loc 1 413 45 view .LVU162
 548 0084 164E     		ldr	r6, .L41+16
ARM GAS  C:\Users\SHUCHE~1\AppData\Local\Temp\ccVBdqL7.s 			page 32


 549 0086 C662     		str	r6, [r0, #44]
 416:Drivers/STM32F3xx_HAL_Driver/Src/stm32f3xx_hal_dac_ex.c ****  
 550              		.loc 1 416 5 is_stmt 1 view .LVU163
 416:Drivers/STM32F3xx_HAL_Driver/Src/stm32f3xx_hal_dac_ex.c ****  
 551              		.loc 1 416 9 is_stmt 0 view .LVU164
 552 0088 E068     		ldr	r0, [r4, #12]
 416:Drivers/STM32F3xx_HAL_Driver/Src/stm32f3xx_hal_dac_ex.c ****  
 553              		.loc 1 416 42 view .LVU165
 554 008a 164E     		ldr	r6, .L41+20
 555 008c 0663     		str	r6, [r0, #48]
 419:Drivers/STM32F3xx_HAL_Driver/Src/stm32f3xx_hal_dac_ex.c ****    
 556              		.loc 1 419 5 is_stmt 1 view .LVU166
 557 008e 2668     		ldr	r6, [r4]
 558 0090 3068     		ldr	r0, [r6]
 559 0092 40F08050 		orr	r0, r0, #268435456
 560 0096 3060     		str	r0, [r6]
 422:Drivers/STM32F3xx_HAL_Driver/Src/stm32f3xx_hal_dac_ex.c ****     {
 561              		.loc 1 422 5 view .LVU167
 562 0098 042A     		cmp	r2, #4
 563 009a 07D0     		beq	.L31
 564 009c 082A     		cmp	r2, #8
 565 009e 08D0     		beq	.L32
 566 00a0 0AB1     		cbz	r2, .L40
 567 00a2 0022     		movs	r2, #0
 568 00a4 CEE7     		b	.L30
 569              	.L40:
 426:Drivers/STM32F3xx_HAL_Driver/Src/stm32f3xx_hal_dac_ex.c ****         break;
 570              		.loc 1 426 9 view .LVU168
 426:Drivers/STM32F3xx_HAL_Driver/Src/stm32f3xx_hal_dac_ex.c ****         break;
 571              		.loc 1 426 33 is_stmt 0 view .LVU169
 572 00a6 2268     		ldr	r2, [r4]
 426:Drivers/STM32F3xx_HAL_Driver/Src/stm32f3xx_hal_dac_ex.c ****         break;
 573              		.loc 1 426 28 view .LVU170
 574 00a8 1432     		adds	r2, r2, #20
 575              	.LVL47:
 427:Drivers/STM32F3xx_HAL_Driver/Src/stm32f3xx_hal_dac_ex.c ****       case DAC_ALIGN_12B_L:
 576              		.loc 1 427 9 is_stmt 1 view .LVU171
 577 00aa CBE7     		b	.L30
 578              	.LVL48:
 579              	.L31:
 430:Drivers/STM32F3xx_HAL_Driver/Src/stm32f3xx_hal_dac_ex.c ****         break;
 580              		.loc 1 430 9 view .LVU172
 430:Drivers/STM32F3xx_HAL_Driver/Src/stm32f3xx_hal_dac_ex.c ****         break;
 581              		.loc 1 430 33 is_stmt 0 view .LVU173
 582 00ac 2268     		ldr	r2, [r4]
 430:Drivers/STM32F3xx_HAL_Driver/Src/stm32f3xx_hal_dac_ex.c ****         break;
 583              		.loc 1 430 28 view .LVU174
 584 00ae 1832     		adds	r2, r2, #24
 585              	.LVL49:
 431:Drivers/STM32F3xx_HAL_Driver/Src/stm32f3xx_hal_dac_ex.c ****       case DAC_ALIGN_8B_R:
 586              		.loc 1 431 9 is_stmt 1 view .LVU175
 587 00b0 C8E7     		b	.L30
 588              	.LVL50:
 589              	.L32:
 434:Drivers/STM32F3xx_HAL_Driver/Src/stm32f3xx_hal_dac_ex.c ****         break;
 590              		.loc 1 434 9 view .LVU176
 434:Drivers/STM32F3xx_HAL_Driver/Src/stm32f3xx_hal_dac_ex.c ****         break;
ARM GAS  C:\Users\SHUCHE~1\AppData\Local\Temp\ccVBdqL7.s 			page 33


 591              		.loc 1 434 33 is_stmt 0 view .LVU177
 592 00b2 2268     		ldr	r2, [r4]
 434:Drivers/STM32F3xx_HAL_Driver/Src/stm32f3xx_hal_dac_ex.c ****         break;
 593              		.loc 1 434 28 view .LVU178
 594 00b4 1C32     		adds	r2, r2, #28
 595              	.LVL51:
 435:Drivers/STM32F3xx_HAL_Driver/Src/stm32f3xx_hal_dac_ex.c ****       default:
 596              		.loc 1 435 9 is_stmt 1 view .LVU179
 597 00b6 C5E7     		b	.L30
 598              	.L33:
 453:Drivers/STM32F3xx_HAL_Driver/Src/stm32f3xx_hal_dac_ex.c **** 
 599              		.loc 1 453 5 view .LVU180
 600 00b8 2668     		ldr	r6, [r4]
 601 00ba 3068     		ldr	r0, [r6]
 602 00bc 40F00050 		orr	r0, r0, #536870912
 603 00c0 3060     		str	r0, [r6]
 456:Drivers/STM32F3xx_HAL_Driver/Src/stm32f3xx_hal_dac_ex.c ****   }
 604              		.loc 1 456 5 view .LVU181
 605 00c2 E068     		ldr	r0, [r4, #12]
 606 00c4 FFF7FEFF 		bl	HAL_DMA_Start_IT
 607              	.LVL52:
 456:Drivers/STM32F3xx_HAL_Driver/Src/stm32f3xx_hal_dac_ex.c ****   }
 608              		.loc 1 456 5 is_stmt 0 view .LVU182
 609 00c8 C6E7     		b	.L34
 610              	.LVL53:
 611              	.L35:
 369:Drivers/STM32F3xx_HAL_Driver/Src/stm32f3xx_hal_dac_ex.c ****   
 612              		.loc 1 369 3 view .LVU183
 613 00ca 0220     		movs	r0, #2
 614 00cc CCE7     		b	.L26
 615              	.L42:
 616 00ce 00BF     		.align	2
 617              	.L41:
 618 00d0 00000000 		.word	DAC_DMAConvCpltCh1
 619 00d4 00000000 		.word	DAC_DMAHalfConvCpltCh1
 620 00d8 00000000 		.word	DAC_DMAErrorCh1
 621 00dc 00000000 		.word	DAC_DMAConvCpltCh2
 622 00e0 00000000 		.word	DAC_DMAHalfConvCpltCh2
 623 00e4 00000000 		.word	DAC_DMAErrorCh2
 624              		.cfi_endproc
 625              	.LFE126:
 627              		.section	.text.HAL_DAC_GetValue,"ax",%progbits
 628              		.align	1
 629              		.global	HAL_DAC_GetValue
 630              		.syntax unified
 631              		.thumb
 632              		.thumb_func
 634              	HAL_DAC_GetValue:
 635              	.LVL54:
 636              	.LFB127:
 575:Drivers/STM32F3xx_HAL_Driver/Src/stm32f3xx_hal_dac_ex.c ****   /* Check the parameters */
 637              		.loc 1 575 1 is_stmt 1 view -0
 638              		.cfi_startproc
 639              		@ args = 0, pretend = 0, frame = 0
 640              		@ frame_needed = 0, uses_anonymous_args = 0
 641              		@ link register save eliminated.
 577:Drivers/STM32F3xx_HAL_Driver/Src/stm32f3xx_hal_dac_ex.c ****   
ARM GAS  C:\Users\SHUCHE~1\AppData\Local\Temp\ccVBdqL7.s 			page 34


 642              		.loc 1 577 3 view .LVU185
 580:Drivers/STM32F3xx_HAL_Driver/Src/stm32f3xx_hal_dac_ex.c ****   {
 643              		.loc 1 580 3 view .LVU186
 580:Drivers/STM32F3xx_HAL_Driver/Src/stm32f3xx_hal_dac_ex.c ****   {
 644              		.loc 1 580 5 is_stmt 0 view .LVU187
 645 0000 11B9     		cbnz	r1, .L44
 582:Drivers/STM32F3xx_HAL_Driver/Src/stm32f3xx_hal_dac_ex.c ****   }
 646              		.loc 1 582 5 is_stmt 1 view .LVU188
 582:Drivers/STM32F3xx_HAL_Driver/Src/stm32f3xx_hal_dac_ex.c ****   }
 647              		.loc 1 582 16 is_stmt 0 view .LVU189
 648 0002 0368     		ldr	r3, [r0]
 582:Drivers/STM32F3xx_HAL_Driver/Src/stm32f3xx_hal_dac_ex.c ****   }
 649              		.loc 1 582 26 view .LVU190
 650 0004 D86A     		ldr	r0, [r3, #44]
 651              	.LVL55:
 582:Drivers/STM32F3xx_HAL_Driver/Src/stm32f3xx_hal_dac_ex.c ****   }
 652              		.loc 1 582 26 view .LVU191
 653 0006 7047     		bx	lr
 654              	.LVL56:
 655              	.L44:
 586:Drivers/STM32F3xx_HAL_Driver/Src/stm32f3xx_hal_dac_ex.c ****   }
 656              		.loc 1 586 5 is_stmt 1 view .LVU192
 586:Drivers/STM32F3xx_HAL_Driver/Src/stm32f3xx_hal_dac_ex.c ****   }
 657              		.loc 1 586 16 is_stmt 0 view .LVU193
 658 0008 0368     		ldr	r3, [r0]
 586:Drivers/STM32F3xx_HAL_Driver/Src/stm32f3xx_hal_dac_ex.c ****   }
 659              		.loc 1 586 26 view .LVU194
 660 000a 186B     		ldr	r0, [r3, #48]
 661              	.LVL57:
 588:Drivers/STM32F3xx_HAL_Driver/Src/stm32f3xx_hal_dac_ex.c **** #endif /* STM32F303xE || STM32F398xx                || */
 662              		.loc 1 588 1 view .LVU195
 663 000c 7047     		bx	lr
 664              		.cfi_endproc
 665              	.LFE127:
 667              		.section	.text.HAL_DACEx_DualGetValue,"ax",%progbits
 668              		.align	1
 669              		.global	HAL_DACEx_DualGetValue
 670              		.syntax unified
 671              		.thumb
 672              		.thumb_func
 674              	HAL_DACEx_DualGetValue:
 675              	.LVL58:
 676              	.LFB128:
 626:Drivers/STM32F3xx_HAL_Driver/Src/stm32f3xx_hal_dac_ex.c ****   uint32_t tmp = 0U;
 677              		.loc 1 626 1 is_stmt 1 view -0
 678              		.cfi_startproc
 679              		@ args = 0, pretend = 0, frame = 0
 680              		@ frame_needed = 0, uses_anonymous_args = 0
 681              		@ link register save eliminated.
 627:Drivers/STM32F3xx_HAL_Driver/Src/stm32f3xx_hal_dac_ex.c **** 
 682              		.loc 1 627 3 view .LVU197
 629:Drivers/STM32F3xx_HAL_Driver/Src/stm32f3xx_hal_dac_ex.c **** 
 683              		.loc 1 629 3 view .LVU198
 629:Drivers/STM32F3xx_HAL_Driver/Src/stm32f3xx_hal_dac_ex.c **** 
 684              		.loc 1 629 14 is_stmt 0 view .LVU199
 685 0000 0368     		ldr	r3, [r0]
 629:Drivers/STM32F3xx_HAL_Driver/Src/stm32f3xx_hal_dac_ex.c **** 
ARM GAS  C:\Users\SHUCHE~1\AppData\Local\Temp\ccVBdqL7.s 			page 35


 686              		.loc 1 629 24 view .LVU200
 687 0002 DA6A     		ldr	r2, [r3, #44]
 688              	.LVL59:
 636:Drivers/STM32F3xx_HAL_Driver/Src/stm32f3xx_hal_dac_ex.c **** #endif /* STM32F303xE || STM32F398xx                || */
 689              		.loc 1 636 3 is_stmt 1 view .LVU201
 636:Drivers/STM32F3xx_HAL_Driver/Src/stm32f3xx_hal_dac_ex.c **** #endif /* STM32F303xE || STM32F398xx                || */
 690              		.loc 1 636 24 is_stmt 0 view .LVU202
 691 0004 186B     		ldr	r0, [r3, #48]
 692              	.LVL60:
 643:Drivers/STM32F3xx_HAL_Driver/Src/stm32f3xx_hal_dac_ex.c **** }
 693              		.loc 1 643 3 is_stmt 1 view .LVU203
 644:Drivers/STM32F3xx_HAL_Driver/Src/stm32f3xx_hal_dac_ex.c **** 
 694              		.loc 1 644 1 is_stmt 0 view .LVU204
 695 0006 42EA0040 		orr	r0, r2, r0, lsl #16
 696              	.LVL61:
 644:Drivers/STM32F3xx_HAL_Driver/Src/stm32f3xx_hal_dac_ex.c **** 
 697              		.loc 1 644 1 view .LVU205
 698 000a 7047     		bx	lr
 699              		.cfi_endproc
 700              	.LFE128:
 702              		.section	.text.HAL_DAC_ConfigChannel,"ax",%progbits
 703              		.align	1
 704              		.global	HAL_DAC_ConfigChannel
 705              		.syntax unified
 706              		.thumb
 707              		.thumb_func
 709              	HAL_DAC_ConfigChannel:
 710              	.LVL62:
 711              	.LFB130:
 772:Drivers/STM32F3xx_HAL_Driver/Src/stm32f3xx_hal_dac_ex.c ****   uint32_t tmpreg1 = 0U, tmpreg2 = 0U;
 712              		.loc 1 772 1 is_stmt 1 view -0
 713              		.cfi_startproc
 714              		@ args = 0, pretend = 0, frame = 0
 715              		@ frame_needed = 0, uses_anonymous_args = 0
 772:Drivers/STM32F3xx_HAL_Driver/Src/stm32f3xx_hal_dac_ex.c ****   uint32_t tmpreg1 = 0U, tmpreg2 = 0U;
 716              		.loc 1 772 1 is_stmt 0 view .LVU207
 717 0000 10B5     		push	{r4, lr}
 718              	.LCFI13:
 719              		.cfi_def_cfa_offset 8
 720              		.cfi_offset 4, -8
 721              		.cfi_offset 14, -4
 722 0002 8C46     		mov	ip, r1
 773:Drivers/STM32F3xx_HAL_Driver/Src/stm32f3xx_hal_dac_ex.c **** 
 723              		.loc 1 773 3 is_stmt 1 view .LVU208
 724              	.LVL63:
 776:Drivers/STM32F3xx_HAL_Driver/Src/stm32f3xx_hal_dac_ex.c **** 
 725              		.loc 1 776 3 view .LVU209
 779:Drivers/STM32F3xx_HAL_Driver/Src/stm32f3xx_hal_dac_ex.c ****   {
 726              		.loc 1 779 3 view .LVU210
 779:Drivers/STM32F3xx_HAL_Driver/Src/stm32f3xx_hal_dac_ex.c ****   {
 727              		.loc 1 779 12 is_stmt 0 view .LVU211
 728 0004 0468     		ldr	r4, [r0]
 787:Drivers/STM32F3xx_HAL_Driver/Src/stm32f3xx_hal_dac_ex.c ****   }    
 729              		.loc 1 787 5 is_stmt 1 view .LVU212
 792:Drivers/STM32F3xx_HAL_Driver/Src/stm32f3xx_hal_dac_ex.c ****  
 730              		.loc 1 792 3 view .LVU213
 795:Drivers/STM32F3xx_HAL_Driver/Src/stm32f3xx_hal_dac_ex.c ****   
ARM GAS  C:\Users\SHUCHE~1\AppData\Local\Temp\ccVBdqL7.s 			page 36


 731              		.loc 1 795 3 view .LVU214
 795:Drivers/STM32F3xx_HAL_Driver/Src/stm32f3xx_hal_dac_ex.c ****   
 732              		.loc 1 795 3 view .LVU215
 733 0006 4179     		ldrb	r1, [r0, #5]	@ zero_extendqisi2
 734              	.LVL64:
 795:Drivers/STM32F3xx_HAL_Driver/Src/stm32f3xx_hal_dac_ex.c ****   
 735              		.loc 1 795 3 is_stmt 0 view .LVU216
 736 0008 0129     		cmp	r1, #1
 737 000a 30D0     		beq	.L51
 738 000c 0346     		mov	r3, r0
 795:Drivers/STM32F3xx_HAL_Driver/Src/stm32f3xx_hal_dac_ex.c ****   
 739              		.loc 1 795 3 is_stmt 1 discriminator 2 view .LVU217
 740 000e 0121     		movs	r1, #1
 741 0010 4171     		strb	r1, [r0, #5]
 795:Drivers/STM32F3xx_HAL_Driver/Src/stm32f3xx_hal_dac_ex.c ****   
 742              		.loc 1 795 3 discriminator 2 view .LVU218
 798:Drivers/STM32F3xx_HAL_Driver/Src/stm32f3xx_hal_dac_ex.c ****   
 743              		.loc 1 798 3 discriminator 2 view .LVU219
 798:Drivers/STM32F3xx_HAL_Driver/Src/stm32f3xx_hal_dac_ex.c ****   
 744              		.loc 1 798 15 is_stmt 0 discriminator 2 view .LVU220
 745 0012 0221     		movs	r1, #2
 746 0014 0171     		strb	r1, [r0, #4]
 801:Drivers/STM32F3xx_HAL_Driver/Src/stm32f3xx_hal_dac_ex.c ****   
 747              		.loc 1 801 3 is_stmt 1 discriminator 2 view .LVU221
 801:Drivers/STM32F3xx_HAL_Driver/Src/stm32f3xx_hal_dac_ex.c ****   
 748              		.loc 1 801 11 is_stmt 0 discriminator 2 view .LVU222
 749 0016 2168     		ldr	r1, [r4]
 750              	.LVL65:
 810:Drivers/STM32F3xx_HAL_Driver/Src/stm32f3xx_hal_dac_ex.c ****   {
 751              		.loc 1 810 3 is_stmt 1 discriminator 2 view .LVU223
 810:Drivers/STM32F3xx_HAL_Driver/Src/stm32f3xx_hal_dac_ex.c ****   {
 752              		.loc 1 810 6 is_stmt 0 discriminator 2 view .LVU224
 753 0018 1648     		ldr	r0, .L54
 754              	.LVL66:
 810:Drivers/STM32F3xx_HAL_Driver/Src/stm32f3xx_hal_dac_ex.c ****   {
 755              		.loc 1 810 6 discriminator 2 view .LVU225
 756 001a 8442     		cmp	r4, r0
 757 001c 1AD0     		beq	.L53
 758              	.L49:
 819:Drivers/STM32F3xx_HAL_Driver/Src/stm32f3xx_hal_dac_ex.c ****     tmpreg2 = (sConfig->DAC_Trigger | sConfig->DAC_OutputSwitch);    
 759              		.loc 1 819 5 is_stmt 1 view .LVU226
 819:Drivers/STM32F3xx_HAL_Driver/Src/stm32f3xx_hal_dac_ex.c ****     tmpreg2 = (sConfig->DAC_Trigger | sConfig->DAC_OutputSwitch);    
 760              		.loc 1 819 105 is_stmt 0 view .LVU227
 761 001e 40F6FE70 		movw	r0, #4094
 762 0022 9040     		lsls	r0, r0, r2
 819:Drivers/STM32F3xx_HAL_Driver/Src/stm32f3xx_hal_dac_ex.c ****     tmpreg2 = (sConfig->DAC_Trigger | sConfig->DAC_OutputSwitch);    
 763              		.loc 1 819 13 view .LVU228
 764 0024 21EA000E 		bic	lr, r1, r0
 765              	.LVL67:
 820:Drivers/STM32F3xx_HAL_Driver/Src/stm32f3xx_hal_dac_ex.c ****   }    
 766              		.loc 1 820 5 is_stmt 1 view .LVU229
 820:Drivers/STM32F3xx_HAL_Driver/Src/stm32f3xx_hal_dac_ex.c ****   }    
 767              		.loc 1 820 23 is_stmt 0 view .LVU230
 768 0028 DCF80010 		ldr	r1, [ip]
 820:Drivers/STM32F3xx_HAL_Driver/Src/stm32f3xx_hal_dac_ex.c ****   }    
 769              		.loc 1 820 46 view .LVU231
 770 002c DCF80800 		ldr	r0, [ip, #8]
ARM GAS  C:\Users\SHUCHE~1\AppData\Local\Temp\ccVBdqL7.s 			page 37


 820:Drivers/STM32F3xx_HAL_Driver/Src/stm32f3xx_hal_dac_ex.c ****   }    
 771              		.loc 1 820 13 view .LVU232
 772 0030 0143     		orrs	r1, r1, r0
 773              	.LVL68:
 774              	.L50:
 828:Drivers/STM32F3xx_HAL_Driver/Src/stm32f3xx_hal_dac_ex.c ****   /* Write to DAC CR */
 775              		.loc 1 828 3 is_stmt 1 view .LVU233
 828:Drivers/STM32F3xx_HAL_Driver/Src/stm32f3xx_hal_dac_ex.c ****   /* Write to DAC CR */
 776              		.loc 1 828 22 is_stmt 0 view .LVU234
 777 0032 9140     		lsls	r1, r1, r2
 778              	.LVL69:
 828:Drivers/STM32F3xx_HAL_Driver/Src/stm32f3xx_hal_dac_ex.c ****   /* Write to DAC CR */
 779              		.loc 1 828 11 view .LVU235
 780 0034 41EA0E01 		orr	r1, r1, lr
 781              	.LVL70:
 830:Drivers/STM32F3xx_HAL_Driver/Src/stm32f3xx_hal_dac_ex.c ****   
 782              		.loc 1 830 3 is_stmt 1 view .LVU236
 830:Drivers/STM32F3xx_HAL_Driver/Src/stm32f3xx_hal_dac_ex.c ****   
 783              		.loc 1 830 22 is_stmt 0 view .LVU237
 784 0038 2160     		str	r1, [r4]
 833:Drivers/STM32F3xx_HAL_Driver/Src/stm32f3xx_hal_dac_ex.c **** 
 785              		.loc 1 833 3 is_stmt 1 view .LVU238
 833:Drivers/STM32F3xx_HAL_Driver/Src/stm32f3xx_hal_dac_ex.c **** 
 786              		.loc 1 833 7 is_stmt 0 view .LVU239
 787 003a 1C68     		ldr	r4, [r3]
 833:Drivers/STM32F3xx_HAL_Driver/Src/stm32f3xx_hal_dac_ex.c **** 
 788              		.loc 1 833 17 view .LVU240
 789 003c 2168     		ldr	r1, [r4]
 790              	.LVL71:
 833:Drivers/STM32F3xx_HAL_Driver/Src/stm32f3xx_hal_dac_ex.c **** 
 791              		.loc 1 833 40 view .LVU241
 792 003e C020     		movs	r0, #192
 793 0040 00FA02F2 		lsl	r2, r0, r2
 794              	.LVL72:
 833:Drivers/STM32F3xx_HAL_Driver/Src/stm32f3xx_hal_dac_ex.c **** 
 795              		.loc 1 833 22 view .LVU242
 796 0044 21EA0202 		bic	r2, r1, r2
 797 0048 2260     		str	r2, [r4]
 836:Drivers/STM32F3xx_HAL_Driver/Src/stm32f3xx_hal_dac_ex.c ****   
 798              		.loc 1 836 3 is_stmt 1 view .LVU243
 836:Drivers/STM32F3xx_HAL_Driver/Src/stm32f3xx_hal_dac_ex.c ****   
 799              		.loc 1 836 15 is_stmt 0 view .LVU244
 800 004a 0122     		movs	r2, #1
 801 004c 1A71     		strb	r2, [r3, #4]
 839:Drivers/STM32F3xx_HAL_Driver/Src/stm32f3xx_hal_dac_ex.c ****   
 802              		.loc 1 839 3 is_stmt 1 view .LVU245
 839:Drivers/STM32F3xx_HAL_Driver/Src/stm32f3xx_hal_dac_ex.c ****   
 803              		.loc 1 839 3 view .LVU246
 804 004e 0020     		movs	r0, #0
 805 0050 5871     		strb	r0, [r3, #5]
 839:Drivers/STM32F3xx_HAL_Driver/Src/stm32f3xx_hal_dac_ex.c ****   
 806              		.loc 1 839 3 view .LVU247
 842:Drivers/STM32F3xx_HAL_Driver/Src/stm32f3xx_hal_dac_ex.c **** }
 807              		.loc 1 842 3 view .LVU248
 808              	.LVL73:
 809              	.L48:
 843:Drivers/STM32F3xx_HAL_Driver/Src/stm32f3xx_hal_dac_ex.c **** 
ARM GAS  C:\Users\SHUCHE~1\AppData\Local\Temp\ccVBdqL7.s 			page 38


 810              		.loc 1 843 1 is_stmt 0 view .LVU249
 811 0052 10BD     		pop	{r4, pc}
 812              	.LVL74:
 813              	.L53:
 810:Drivers/STM32F3xx_HAL_Driver/Src/stm32f3xx_hal_dac_ex.c ****   {
 814              		.loc 1 810 32 discriminator 1 view .LVU250
 815 0054 002A     		cmp	r2, #0
 816 0056 E2D1     		bne	.L49
 813:Drivers/STM32F3xx_HAL_Driver/Src/stm32f3xx_hal_dac_ex.c ****     tmpreg2 = (sConfig->DAC_Trigger | sConfig->DAC_OutputBuffer);    
 817              		.loc 1 813 5 is_stmt 1 view .LVU251
 813:Drivers/STM32F3xx_HAL_Driver/Src/stm32f3xx_hal_dac_ex.c ****     tmpreg2 = (sConfig->DAC_Trigger | sConfig->DAC_OutputBuffer);    
 818              		.loc 1 813 104 is_stmt 0 view .LVU252
 819 0058 40F6FE70 		movw	r0, #4094
 820 005c 9040     		lsls	r0, r0, r2
 813:Drivers/STM32F3xx_HAL_Driver/Src/stm32f3xx_hal_dac_ex.c ****     tmpreg2 = (sConfig->DAC_Trigger | sConfig->DAC_OutputBuffer);    
 821              		.loc 1 813 13 view .LVU253
 822 005e 21EA000E 		bic	lr, r1, r0
 823              	.LVL75:
 814:Drivers/STM32F3xx_HAL_Driver/Src/stm32f3xx_hal_dac_ex.c ****   }
 824              		.loc 1 814 5 is_stmt 1 view .LVU254
 814:Drivers/STM32F3xx_HAL_Driver/Src/stm32f3xx_hal_dac_ex.c ****   }
 825              		.loc 1 814 23 is_stmt 0 view .LVU255
 826 0062 DCF80000 		ldr	r0, [ip]
 814:Drivers/STM32F3xx_HAL_Driver/Src/stm32f3xx_hal_dac_ex.c ****   }
 827              		.loc 1 814 46 view .LVU256
 828 0066 DCF80410 		ldr	r1, [ip, #4]
 814:Drivers/STM32F3xx_HAL_Driver/Src/stm32f3xx_hal_dac_ex.c ****   }
 829              		.loc 1 814 13 view .LVU257
 830 006a 0143     		orrs	r1, r1, r0
 831              	.LVL76:
 814:Drivers/STM32F3xx_HAL_Driver/Src/stm32f3xx_hal_dac_ex.c ****   }
 832              		.loc 1 814 13 view .LVU258
 833 006c E1E7     		b	.L50
 834              	.LVL77:
 835              	.L51:
 795:Drivers/STM32F3xx_HAL_Driver/Src/stm32f3xx_hal_dac_ex.c ****   
 836              		.loc 1 795 3 view .LVU259
 837 006e 0220     		movs	r0, #2
 838              	.LVL78:
 795:Drivers/STM32F3xx_HAL_Driver/Src/stm32f3xx_hal_dac_ex.c ****   
 839              		.loc 1 795 3 view .LVU260
 840 0070 EFE7     		b	.L48
 841              	.L55:
 842 0072 00BF     		.align	2
 843              	.L54:
 844 0074 00740040 		.word	1073771520
 845              		.cfi_endproc
 846              	.LFE130:
 848              		.section	.text.HAL_DACEx_TriangleWaveGenerate,"ax",%progbits
 849              		.align	1
 850              		.global	HAL_DACEx_TriangleWaveGenerate
 851              		.syntax unified
 852              		.thumb
 853              		.thumb_func
 855              	HAL_DACEx_TriangleWaveGenerate:
 856              	.LVL79:
 857              	.LFB131:
ARM GAS  C:\Users\SHUCHE~1\AppData\Local\Temp\ccVBdqL7.s 			page 39


 871:Drivers/STM32F3xx_HAL_Driver/Src/stm32f3xx_hal_dac_ex.c ****   /* Check the parameters */
 858              		.loc 1 871 1 is_stmt 1 view -0
 859              		.cfi_startproc
 860              		@ args = 0, pretend = 0, frame = 0
 861              		@ frame_needed = 0, uses_anonymous_args = 0
 871:Drivers/STM32F3xx_HAL_Driver/Src/stm32f3xx_hal_dac_ex.c ****   /* Check the parameters */
 862              		.loc 1 871 1 is_stmt 0 view .LVU262
 863 0000 0346     		mov	r3, r0
 873:Drivers/STM32F3xx_HAL_Driver/Src/stm32f3xx_hal_dac_ex.c ****   assert_param(IS_DAC_LFSR_UNMASK_TRIANGLE_AMPLITUDE(Amplitude));
 864              		.loc 1 873 3 is_stmt 1 view .LVU263
 874:Drivers/STM32F3xx_HAL_Driver/Src/stm32f3xx_hal_dac_ex.c **** 
 865              		.loc 1 874 3 view .LVU264
 877:Drivers/STM32F3xx_HAL_Driver/Src/stm32f3xx_hal_dac_ex.c **** 
 866              		.loc 1 877 3 view .LVU265
 877:Drivers/STM32F3xx_HAL_Driver/Src/stm32f3xx_hal_dac_ex.c **** 
 867              		.loc 1 877 3 view .LVU266
 868 0002 4079     		ldrb	r0, [r0, #5]	@ zero_extendqisi2
 869              	.LVL80:
 877:Drivers/STM32F3xx_HAL_Driver/Src/stm32f3xx_hal_dac_ex.c **** 
 870              		.loc 1 877 3 is_stmt 0 view .LVU267
 871 0004 0128     		cmp	r0, #1
 872 0006 18D0     		beq	.L58
 871:Drivers/STM32F3xx_HAL_Driver/Src/stm32f3xx_hal_dac_ex.c ****   /* Check the parameters */
 873              		.loc 1 871 1 discriminator 2 view .LVU268
 874 0008 10B5     		push	{r4, lr}
 875              	.LCFI14:
 876              		.cfi_def_cfa_offset 8
 877              		.cfi_offset 4, -8
 878              		.cfi_offset 14, -4
 877:Drivers/STM32F3xx_HAL_Driver/Src/stm32f3xx_hal_dac_ex.c **** 
 879              		.loc 1 877 3 is_stmt 1 discriminator 2 view .LVU269
 880 000a 4FF0010E 		mov	lr, #1
 881 000e 83F805E0 		strb	lr, [r3, #5]
 877:Drivers/STM32F3xx_HAL_Driver/Src/stm32f3xx_hal_dac_ex.c **** 
 882              		.loc 1 877 3 discriminator 2 view .LVU270
 880:Drivers/STM32F3xx_HAL_Driver/Src/stm32f3xx_hal_dac_ex.c **** 
 883              		.loc 1 880 3 discriminator 2 view .LVU271
 880:Drivers/STM32F3xx_HAL_Driver/Src/stm32f3xx_hal_dac_ex.c **** 
 884              		.loc 1 880 15 is_stmt 0 discriminator 2 view .LVU272
 885 0012 0220     		movs	r0, #2
 886 0014 1871     		strb	r0, [r3, #4]
 883:Drivers/STM32F3xx_HAL_Driver/Src/stm32f3xx_hal_dac_ex.c **** 
 887              		.loc 1 883 3 is_stmt 1 discriminator 2 view .LVU273
 888 0016 1C68     		ldr	r4, [r3]
 889 0018 2068     		ldr	r0, [r4]
 890 001a 4FF47C6C 		mov	ip, #4032
 891 001e 0CFA01FC 		lsl	ip, ip, r1
 892 0022 20EA0C00 		bic	r0, r0, ip
 893 0026 42F08002 		orr	r2, r2, #128
 894              	.LVL81:
 883:Drivers/STM32F3xx_HAL_Driver/Src/stm32f3xx_hal_dac_ex.c **** 
 895              		.loc 1 883 3 is_stmt 0 discriminator 2 view .LVU274
 896 002a 8A40     		lsls	r2, r2, r1
 897 002c 0243     		orrs	r2, r2, r0
 898 002e 2260     		str	r2, [r4]
 886:Drivers/STM32F3xx_HAL_Driver/Src/stm32f3xx_hal_dac_ex.c **** 
 899              		.loc 1 886 3 is_stmt 1 discriminator 2 view .LVU275
ARM GAS  C:\Users\SHUCHE~1\AppData\Local\Temp\ccVBdqL7.s 			page 40


 886:Drivers/STM32F3xx_HAL_Driver/Src/stm32f3xx_hal_dac_ex.c **** 
 900              		.loc 1 886 15 is_stmt 0 discriminator 2 view .LVU276
 901 0030 83F804E0 		strb	lr, [r3, #4]
 889:Drivers/STM32F3xx_HAL_Driver/Src/stm32f3xx_hal_dac_ex.c **** 
 902              		.loc 1 889 3 is_stmt 1 discriminator 2 view .LVU277
 889:Drivers/STM32F3xx_HAL_Driver/Src/stm32f3xx_hal_dac_ex.c **** 
 903              		.loc 1 889 3 discriminator 2 view .LVU278
 904 0034 0020     		movs	r0, #0
 905 0036 5871     		strb	r0, [r3, #5]
 889:Drivers/STM32F3xx_HAL_Driver/Src/stm32f3xx_hal_dac_ex.c **** 
 906              		.loc 1 889 3 discriminator 2 view .LVU279
 892:Drivers/STM32F3xx_HAL_Driver/Src/stm32f3xx_hal_dac_ex.c **** }
 907              		.loc 1 892 3 discriminator 2 view .LVU280
 893:Drivers/STM32F3xx_HAL_Driver/Src/stm32f3xx_hal_dac_ex.c **** 
 908              		.loc 1 893 1 is_stmt 0 discriminator 2 view .LVU281
 909 0038 10BD     		pop	{r4, pc}
 910              	.LVL82:
 911              	.L58:
 912              	.LCFI15:
 913              		.cfi_def_cfa_offset 0
 914              		.cfi_restore 4
 915              		.cfi_restore 14
 877:Drivers/STM32F3xx_HAL_Driver/Src/stm32f3xx_hal_dac_ex.c **** 
 916              		.loc 1 877 3 view .LVU282
 917 003a 0220     		movs	r0, #2
 893:Drivers/STM32F3xx_HAL_Driver/Src/stm32f3xx_hal_dac_ex.c **** 
 918              		.loc 1 893 1 view .LVU283
 919 003c 7047     		bx	lr
 920              		.cfi_endproc
 921              	.LFE131:
 923              		.section	.text.HAL_DACEx_NoiseWaveGenerate,"ax",%progbits
 924              		.align	1
 925              		.global	HAL_DACEx_NoiseWaveGenerate
 926              		.syntax unified
 927              		.thumb
 928              		.thumb_func
 930              	HAL_DACEx_NoiseWaveGenerate:
 931              	.LVL83:
 932              	.LFB132:
 920:Drivers/STM32F3xx_HAL_Driver/Src/stm32f3xx_hal_dac_ex.c ****   /* Check the parameters */
 933              		.loc 1 920 1 is_stmt 1 view -0
 934              		.cfi_startproc
 935              		@ args = 0, pretend = 0, frame = 0
 936              		@ frame_needed = 0, uses_anonymous_args = 0
 920:Drivers/STM32F3xx_HAL_Driver/Src/stm32f3xx_hal_dac_ex.c ****   /* Check the parameters */
 937              		.loc 1 920 1 is_stmt 0 view .LVU285
 938 0000 0346     		mov	r3, r0
 922:Drivers/STM32F3xx_HAL_Driver/Src/stm32f3xx_hal_dac_ex.c ****   assert_param(IS_DAC_LFSR_UNMASK_TRIANGLE_AMPLITUDE(Amplitude));
 939              		.loc 1 922 3 is_stmt 1 view .LVU286
 923:Drivers/STM32F3xx_HAL_Driver/Src/stm32f3xx_hal_dac_ex.c **** 
 940              		.loc 1 923 3 view .LVU287
 926:Drivers/STM32F3xx_HAL_Driver/Src/stm32f3xx_hal_dac_ex.c **** 
 941              		.loc 1 926 3 view .LVU288
 926:Drivers/STM32F3xx_HAL_Driver/Src/stm32f3xx_hal_dac_ex.c **** 
 942              		.loc 1 926 3 view .LVU289
 943 0002 4079     		ldrb	r0, [r0, #5]	@ zero_extendqisi2
 944              	.LVL84:
ARM GAS  C:\Users\SHUCHE~1\AppData\Local\Temp\ccVBdqL7.s 			page 41


 926:Drivers/STM32F3xx_HAL_Driver/Src/stm32f3xx_hal_dac_ex.c **** 
 945              		.loc 1 926 3 is_stmt 0 view .LVU290
 946 0004 0128     		cmp	r0, #1
 947 0006 18D0     		beq	.L65
 920:Drivers/STM32F3xx_HAL_Driver/Src/stm32f3xx_hal_dac_ex.c ****   /* Check the parameters */
 948              		.loc 1 920 1 discriminator 2 view .LVU291
 949 0008 10B5     		push	{r4, lr}
 950              	.LCFI16:
 951              		.cfi_def_cfa_offset 8
 952              		.cfi_offset 4, -8
 953              		.cfi_offset 14, -4
 926:Drivers/STM32F3xx_HAL_Driver/Src/stm32f3xx_hal_dac_ex.c **** 
 954              		.loc 1 926 3 is_stmt 1 discriminator 2 view .LVU292
 955 000a 4FF0010E 		mov	lr, #1
 956 000e 83F805E0 		strb	lr, [r3, #5]
 926:Drivers/STM32F3xx_HAL_Driver/Src/stm32f3xx_hal_dac_ex.c **** 
 957              		.loc 1 926 3 discriminator 2 view .LVU293
 929:Drivers/STM32F3xx_HAL_Driver/Src/stm32f3xx_hal_dac_ex.c **** 
 958              		.loc 1 929 3 discriminator 2 view .LVU294
 929:Drivers/STM32F3xx_HAL_Driver/Src/stm32f3xx_hal_dac_ex.c **** 
 959              		.loc 1 929 15 is_stmt 0 discriminator 2 view .LVU295
 960 0012 0220     		movs	r0, #2
 961 0014 1871     		strb	r0, [r3, #4]
 932:Drivers/STM32F3xx_HAL_Driver/Src/stm32f3xx_hal_dac_ex.c ****   
 962              		.loc 1 932 3 is_stmt 1 discriminator 2 view .LVU296
 963 0016 1C68     		ldr	r4, [r3]
 964 0018 2068     		ldr	r0, [r4]
 965 001a 4FF47C6C 		mov	ip, #4032
 966 001e 0CFA01FC 		lsl	ip, ip, r1
 967 0022 20EA0C00 		bic	r0, r0, ip
 968 0026 42F04002 		orr	r2, r2, #64
 969              	.LVL85:
 932:Drivers/STM32F3xx_HAL_Driver/Src/stm32f3xx_hal_dac_ex.c ****   
 970              		.loc 1 932 3 is_stmt 0 discriminator 2 view .LVU297
 971 002a 8A40     		lsls	r2, r2, r1
 972 002c 0243     		orrs	r2, r2, r0
 973 002e 2260     		str	r2, [r4]
 935:Drivers/STM32F3xx_HAL_Driver/Src/stm32f3xx_hal_dac_ex.c **** 
 974              		.loc 1 935 3 is_stmt 1 discriminator 2 view .LVU298
 935:Drivers/STM32F3xx_HAL_Driver/Src/stm32f3xx_hal_dac_ex.c **** 
 975              		.loc 1 935 15 is_stmt 0 discriminator 2 view .LVU299
 976 0030 83F804E0 		strb	lr, [r3, #4]
 938:Drivers/STM32F3xx_HAL_Driver/Src/stm32f3xx_hal_dac_ex.c **** 
 977              		.loc 1 938 3 is_stmt 1 discriminator 2 view .LVU300
 938:Drivers/STM32F3xx_HAL_Driver/Src/stm32f3xx_hal_dac_ex.c **** 
 978              		.loc 1 938 3 discriminator 2 view .LVU301
 979 0034 0020     		movs	r0, #0
 980 0036 5871     		strb	r0, [r3, #5]
 938:Drivers/STM32F3xx_HAL_Driver/Src/stm32f3xx_hal_dac_ex.c **** 
 981              		.loc 1 938 3 discriminator 2 view .LVU302
 941:Drivers/STM32F3xx_HAL_Driver/Src/stm32f3xx_hal_dac_ex.c **** }
 982              		.loc 1 941 3 discriminator 2 view .LVU303
 942:Drivers/STM32F3xx_HAL_Driver/Src/stm32f3xx_hal_dac_ex.c **** 
 983              		.loc 1 942 1 is_stmt 0 discriminator 2 view .LVU304
 984 0038 10BD     		pop	{r4, pc}
 985              	.LVL86:
 986              	.L65:
ARM GAS  C:\Users\SHUCHE~1\AppData\Local\Temp\ccVBdqL7.s 			page 42


 987              	.LCFI17:
 988              		.cfi_def_cfa_offset 0
 989              		.cfi_restore 4
 990              		.cfi_restore 14
 926:Drivers/STM32F3xx_HAL_Driver/Src/stm32f3xx_hal_dac_ex.c **** 
 991              		.loc 1 926 3 view .LVU305
 992 003a 0220     		movs	r0, #2
 942:Drivers/STM32F3xx_HAL_Driver/Src/stm32f3xx_hal_dac_ex.c **** 
 993              		.loc 1 942 1 view .LVU306
 994 003c 7047     		bx	lr
 995              		.cfi_endproc
 996              	.LFE132:
 998              		.section	.text.HAL_DACEx_ConvCpltCallbackCh2,"ax",%progbits
 999              		.align	1
 1000              		.weak	HAL_DACEx_ConvCpltCallbackCh2
 1001              		.syntax unified
 1002              		.thumb
 1003              		.thumb_func
 1005              	HAL_DACEx_ConvCpltCallbackCh2:
 1006              	.LVL87:
 1007              	.LFB133:
 956:Drivers/STM32F3xx_HAL_Driver/Src/stm32f3xx_hal_dac_ex.c ****   /* Prevent unused argument(s) compilation warning */
 1008              		.loc 1 956 1 is_stmt 1 view -0
 1009              		.cfi_startproc
 1010              		@ args = 0, pretend = 0, frame = 0
 1011              		@ frame_needed = 0, uses_anonymous_args = 0
 1012              		@ link register save eliminated.
 958:Drivers/STM32F3xx_HAL_Driver/Src/stm32f3xx_hal_dac_ex.c **** 
 1013              		.loc 1 958 3 view .LVU308
 963:Drivers/STM32F3xx_HAL_Driver/Src/stm32f3xx_hal_dac_ex.c **** 
 1014              		.loc 1 963 1 is_stmt 0 view .LVU309
 1015 0000 7047     		bx	lr
 1016              		.cfi_endproc
 1017              	.LFE133:
 1019              		.section	.text.DAC_DMAConvCpltCh2,"ax",%progbits
 1020              		.align	1
 1021              		.syntax unified
 1022              		.thumb
 1023              		.thumb_func
 1025              	DAC_DMAConvCpltCh2:
 1026              	.LVL88:
 1027              	.LFB140:
1083:Drivers/STM32F3xx_HAL_Driver/Src/stm32f3xx_hal_dac_ex.c **** 
1084:Drivers/STM32F3xx_HAL_Driver/Src/stm32f3xx_hal_dac_ex.c **** #if  defined(STM32F303xE) || defined(STM32F398xx)                         || \
1085:Drivers/STM32F3xx_HAL_Driver/Src/stm32f3xx_hal_dac_ex.c ****      defined(STM32F303xC) || defined(STM32F358xx)                         || \
1086:Drivers/STM32F3xx_HAL_Driver/Src/stm32f3xx_hal_dac_ex.c ****      defined(STM32F303x8) || defined(STM32F334x8) || defined(STM32F328xx) || \
1087:Drivers/STM32F3xx_HAL_Driver/Src/stm32f3xx_hal_dac_ex.c ****      defined(STM32F373xC) || defined(STM32F378xx)
1088:Drivers/STM32F3xx_HAL_Driver/Src/stm32f3xx_hal_dac_ex.c **** /* DAC channel 2 is available on top of DAC channel 1U */
1089:Drivers/STM32F3xx_HAL_Driver/Src/stm32f3xx_hal_dac_ex.c **** /**
1090:Drivers/STM32F3xx_HAL_Driver/Src/stm32f3xx_hal_dac_ex.c ****   * @brief  DMA conversion complete callback. 
1091:Drivers/STM32F3xx_HAL_Driver/Src/stm32f3xx_hal_dac_ex.c ****   * @param  hdma pointer to DMA handle.
1092:Drivers/STM32F3xx_HAL_Driver/Src/stm32f3xx_hal_dac_ex.c ****   * @retval None
1093:Drivers/STM32F3xx_HAL_Driver/Src/stm32f3xx_hal_dac_ex.c ****   */
1094:Drivers/STM32F3xx_HAL_Driver/Src/stm32f3xx_hal_dac_ex.c **** static void DAC_DMAConvCpltCh2(DMA_HandleTypeDef *hdma)   
1095:Drivers/STM32F3xx_HAL_Driver/Src/stm32f3xx_hal_dac_ex.c **** {
 1028              		.loc 1 1095 1 is_stmt 1 view -0
 1029              		.cfi_startproc
ARM GAS  C:\Users\SHUCHE~1\AppData\Local\Temp\ccVBdqL7.s 			page 43


 1030              		@ args = 0, pretend = 0, frame = 0
 1031              		@ frame_needed = 0, uses_anonymous_args = 0
 1032              		.loc 1 1095 1 is_stmt 0 view .LVU311
 1033 0000 10B5     		push	{r4, lr}
 1034              	.LCFI18:
 1035              		.cfi_def_cfa_offset 8
 1036              		.cfi_offset 4, -8
 1037              		.cfi_offset 14, -4
1096:Drivers/STM32F3xx_HAL_Driver/Src/stm32f3xx_hal_dac_ex.c ****   DAC_HandleTypeDef* hdac = ( DAC_HandleTypeDef* )((DMA_HandleTypeDef* )hdma)->Parent;
 1038              		.loc 1 1096 3 is_stmt 1 view .LVU312
 1039              		.loc 1 1096 22 is_stmt 0 view .LVU313
 1040 0002 446A     		ldr	r4, [r0, #36]
 1041              	.LVL89:
1097:Drivers/STM32F3xx_HAL_Driver/Src/stm32f3xx_hal_dac_ex.c ****   
1098:Drivers/STM32F3xx_HAL_Driver/Src/stm32f3xx_hal_dac_ex.c **** #if (USE_HAL_DAC_REGISTER_CALLBACKS == 1)  
1099:Drivers/STM32F3xx_HAL_Driver/Src/stm32f3xx_hal_dac_ex.c ****   hdac->ConvCpltCallbackCh2(hdac);
1100:Drivers/STM32F3xx_HAL_Driver/Src/stm32f3xx_hal_dac_ex.c **** #else
1101:Drivers/STM32F3xx_HAL_Driver/Src/stm32f3xx_hal_dac_ex.c ****   HAL_DACEx_ConvCpltCallbackCh2(hdac); 
 1042              		.loc 1 1101 3 is_stmt 1 view .LVU314
 1043 0004 2046     		mov	r0, r4
 1044              	.LVL90:
 1045              		.loc 1 1101 3 is_stmt 0 view .LVU315
 1046 0006 FFF7FEFF 		bl	HAL_DACEx_ConvCpltCallbackCh2
 1047              	.LVL91:
1102:Drivers/STM32F3xx_HAL_Driver/Src/stm32f3xx_hal_dac_ex.c **** #endif
1103:Drivers/STM32F3xx_HAL_Driver/Src/stm32f3xx_hal_dac_ex.c ****   
1104:Drivers/STM32F3xx_HAL_Driver/Src/stm32f3xx_hal_dac_ex.c ****   hdac->State= HAL_DAC_STATE_READY;
 1048              		.loc 1 1104 3 is_stmt 1 view .LVU316
 1049              		.loc 1 1104 14 is_stmt 0 view .LVU317
 1050 000a 0123     		movs	r3, #1
 1051 000c 2371     		strb	r3, [r4, #4]
1105:Drivers/STM32F3xx_HAL_Driver/Src/stm32f3xx_hal_dac_ex.c **** }
 1052              		.loc 1 1105 1 view .LVU318
 1053 000e 10BD     		pop	{r4, pc}
 1054              		.loc 1 1105 1 view .LVU319
 1055              		.cfi_endproc
 1056              	.LFE140:
 1058              		.section	.text.HAL_DACEx_ConvHalfCpltCallbackCh2,"ax",%progbits
 1059              		.align	1
 1060              		.weak	HAL_DACEx_ConvHalfCpltCallbackCh2
 1061              		.syntax unified
 1062              		.thumb
 1063              		.thumb_func
 1065              	HAL_DACEx_ConvHalfCpltCallbackCh2:
 1066              	.LVL92:
 1067              	.LFB134:
 972:Drivers/STM32F3xx_HAL_Driver/Src/stm32f3xx_hal_dac_ex.c ****   /* Prevent unused argument(s) compilation warning */
 1068              		.loc 1 972 1 is_stmt 1 view -0
 1069              		.cfi_startproc
 1070              		@ args = 0, pretend = 0, frame = 0
 1071              		@ frame_needed = 0, uses_anonymous_args = 0
 1072              		@ link register save eliminated.
 974:Drivers/STM32F3xx_HAL_Driver/Src/stm32f3xx_hal_dac_ex.c **** 
 1073              		.loc 1 974 3 view .LVU321
 979:Drivers/STM32F3xx_HAL_Driver/Src/stm32f3xx_hal_dac_ex.c **** 
 1074              		.loc 1 979 1 is_stmt 0 view .LVU322
 1075 0000 7047     		bx	lr
ARM GAS  C:\Users\SHUCHE~1\AppData\Local\Temp\ccVBdqL7.s 			page 44


 1076              		.cfi_endproc
 1077              	.LFE134:
 1079              		.section	.text.DAC_DMAHalfConvCpltCh2,"ax",%progbits
 1080              		.align	1
 1081              		.syntax unified
 1082              		.thumb
 1083              		.thumb_func
 1085              	DAC_DMAHalfConvCpltCh2:
 1086              	.LVL93:
 1087              	.LFB141:
1106:Drivers/STM32F3xx_HAL_Driver/Src/stm32f3xx_hal_dac_ex.c **** 
1107:Drivers/STM32F3xx_HAL_Driver/Src/stm32f3xx_hal_dac_ex.c **** /**
1108:Drivers/STM32F3xx_HAL_Driver/Src/stm32f3xx_hal_dac_ex.c ****   * @brief  DMA half transfer complete callback. 
1109:Drivers/STM32F3xx_HAL_Driver/Src/stm32f3xx_hal_dac_ex.c ****   * @param  hdma pointer to DMA handle.
1110:Drivers/STM32F3xx_HAL_Driver/Src/stm32f3xx_hal_dac_ex.c ****   * @retval None
1111:Drivers/STM32F3xx_HAL_Driver/Src/stm32f3xx_hal_dac_ex.c ****   */
1112:Drivers/STM32F3xx_HAL_Driver/Src/stm32f3xx_hal_dac_ex.c **** static void DAC_DMAHalfConvCpltCh2(DMA_HandleTypeDef *hdma)   
1113:Drivers/STM32F3xx_HAL_Driver/Src/stm32f3xx_hal_dac_ex.c **** {
 1088              		.loc 1 1113 1 is_stmt 1 view -0
 1089              		.cfi_startproc
 1090              		@ args = 0, pretend = 0, frame = 0
 1091              		@ frame_needed = 0, uses_anonymous_args = 0
 1092              		.loc 1 1113 1 is_stmt 0 view .LVU324
 1093 0000 08B5     		push	{r3, lr}
 1094              	.LCFI19:
 1095              		.cfi_def_cfa_offset 8
 1096              		.cfi_offset 3, -8
 1097              		.cfi_offset 14, -4
1114:Drivers/STM32F3xx_HAL_Driver/Src/stm32f3xx_hal_dac_ex.c ****     DAC_HandleTypeDef* hdac = ( DAC_HandleTypeDef* )((DMA_HandleTypeDef* )hdma)->Parent;
 1098              		.loc 1 1114 5 is_stmt 1 view .LVU325
 1099              	.LVL94:
1115:Drivers/STM32F3xx_HAL_Driver/Src/stm32f3xx_hal_dac_ex.c **** 
1116:Drivers/STM32F3xx_HAL_Driver/Src/stm32f3xx_hal_dac_ex.c ****     /* Conversion complete callback */
1117:Drivers/STM32F3xx_HAL_Driver/Src/stm32f3xx_hal_dac_ex.c **** #if (USE_HAL_DAC_REGISTER_CALLBACKS == 1)  
1118:Drivers/STM32F3xx_HAL_Driver/Src/stm32f3xx_hal_dac_ex.c ****   hdac->ConvHalfCpltCallbackCh2(hdac);
1119:Drivers/STM32F3xx_HAL_Driver/Src/stm32f3xx_hal_dac_ex.c **** #else
1120:Drivers/STM32F3xx_HAL_Driver/Src/stm32f3xx_hal_dac_ex.c ****     HAL_DACEx_ConvHalfCpltCallbackCh2(hdac); 
 1100              		.loc 1 1120 5 view .LVU326
 1101 0002 406A     		ldr	r0, [r0, #36]
 1102              	.LVL95:
 1103              		.loc 1 1120 5 is_stmt 0 view .LVU327
 1104 0004 FFF7FEFF 		bl	HAL_DACEx_ConvHalfCpltCallbackCh2
 1105              	.LVL96:
1121:Drivers/STM32F3xx_HAL_Driver/Src/stm32f3xx_hal_dac_ex.c **** #endif
1122:Drivers/STM32F3xx_HAL_Driver/Src/stm32f3xx_hal_dac_ex.c **** }
 1106              		.loc 1 1122 1 view .LVU328
 1107 0008 08BD     		pop	{r3, pc}
 1108              		.cfi_endproc
 1109              	.LFE141:
 1111              		.section	.text.HAL_DACEx_ErrorCallbackCh2,"ax",%progbits
 1112              		.align	1
 1113              		.weak	HAL_DACEx_ErrorCallbackCh2
 1114              		.syntax unified
 1115              		.thumb
 1116              		.thumb_func
 1118              	HAL_DACEx_ErrorCallbackCh2:
 1119              	.LVL97:
ARM GAS  C:\Users\SHUCHE~1\AppData\Local\Temp\ccVBdqL7.s 			page 45


 1120              	.LFB135:
 988:Drivers/STM32F3xx_HAL_Driver/Src/stm32f3xx_hal_dac_ex.c ****   /* Prevent unused argument(s) compilation warning */
 1121              		.loc 1 988 1 is_stmt 1 view -0
 1122              		.cfi_startproc
 1123              		@ args = 0, pretend = 0, frame = 0
 1124              		@ frame_needed = 0, uses_anonymous_args = 0
 1125              		@ link register save eliminated.
 990:Drivers/STM32F3xx_HAL_Driver/Src/stm32f3xx_hal_dac_ex.c **** 
 1126              		.loc 1 990 3 view .LVU330
 995:Drivers/STM32F3xx_HAL_Driver/Src/stm32f3xx_hal_dac_ex.c **** 
 1127              		.loc 1 995 1 is_stmt 0 view .LVU331
 1128 0000 7047     		bx	lr
 1129              		.cfi_endproc
 1130              	.LFE135:
 1132              		.section	.text.DAC_DMAErrorCh2,"ax",%progbits
 1133              		.align	1
 1134              		.syntax unified
 1135              		.thumb
 1136              		.thumb_func
 1138              	DAC_DMAErrorCh2:
 1139              	.LVL98:
 1140              	.LFB142:
1123:Drivers/STM32F3xx_HAL_Driver/Src/stm32f3xx_hal_dac_ex.c **** 
1124:Drivers/STM32F3xx_HAL_Driver/Src/stm32f3xx_hal_dac_ex.c **** /**
1125:Drivers/STM32F3xx_HAL_Driver/Src/stm32f3xx_hal_dac_ex.c ****   * @brief  DMA error callback 
1126:Drivers/STM32F3xx_HAL_Driver/Src/stm32f3xx_hal_dac_ex.c ****   * @param  hdma pointer to DMA handle.
1127:Drivers/STM32F3xx_HAL_Driver/Src/stm32f3xx_hal_dac_ex.c ****   * @retval None
1128:Drivers/STM32F3xx_HAL_Driver/Src/stm32f3xx_hal_dac_ex.c ****   */
1129:Drivers/STM32F3xx_HAL_Driver/Src/stm32f3xx_hal_dac_ex.c **** static void DAC_DMAErrorCh2(DMA_HandleTypeDef *hdma)   
1130:Drivers/STM32F3xx_HAL_Driver/Src/stm32f3xx_hal_dac_ex.c **** {
 1141              		.loc 1 1130 1 is_stmt 1 view -0
 1142              		.cfi_startproc
 1143              		@ args = 0, pretend = 0, frame = 0
 1144              		@ frame_needed = 0, uses_anonymous_args = 0
 1145              		.loc 1 1130 1 is_stmt 0 view .LVU333
 1146 0000 10B5     		push	{r4, lr}
 1147              	.LCFI20:
 1148              		.cfi_def_cfa_offset 8
 1149              		.cfi_offset 4, -8
 1150              		.cfi_offset 14, -4
1131:Drivers/STM32F3xx_HAL_Driver/Src/stm32f3xx_hal_dac_ex.c ****   DAC_HandleTypeDef* hdac = ( DAC_HandleTypeDef* )((DMA_HandleTypeDef* )hdma)->Parent;
 1151              		.loc 1 1131 3 is_stmt 1 view .LVU334
 1152              		.loc 1 1131 22 is_stmt 0 view .LVU335
 1153 0002 446A     		ldr	r4, [r0, #36]
 1154              	.LVL99:
1132:Drivers/STM32F3xx_HAL_Driver/Src/stm32f3xx_hal_dac_ex.c ****     
1133:Drivers/STM32F3xx_HAL_Driver/Src/stm32f3xx_hal_dac_ex.c ****   /* Set DAC error code to DMA error */
1134:Drivers/STM32F3xx_HAL_Driver/Src/stm32f3xx_hal_dac_ex.c ****   hdac->ErrorCode |= HAL_DAC_ERROR_DMA;
 1155              		.loc 1 1134 3 is_stmt 1 view .LVU336
 1156              		.loc 1 1134 7 is_stmt 0 view .LVU337
 1157 0004 2369     		ldr	r3, [r4, #16]
 1158              		.loc 1 1134 19 view .LVU338
 1159 0006 43F00403 		orr	r3, r3, #4
 1160 000a 2361     		str	r3, [r4, #16]
1135:Drivers/STM32F3xx_HAL_Driver/Src/stm32f3xx_hal_dac_ex.c ****     
1136:Drivers/STM32F3xx_HAL_Driver/Src/stm32f3xx_hal_dac_ex.c **** #if (USE_HAL_DAC_REGISTER_CALLBACKS == 1)
1137:Drivers/STM32F3xx_HAL_Driver/Src/stm32f3xx_hal_dac_ex.c ****   hdac->ErrorCallbackCh2(hdac);
ARM GAS  C:\Users\SHUCHE~1\AppData\Local\Temp\ccVBdqL7.s 			page 46


1138:Drivers/STM32F3xx_HAL_Driver/Src/stm32f3xx_hal_dac_ex.c **** #else 
1139:Drivers/STM32F3xx_HAL_Driver/Src/stm32f3xx_hal_dac_ex.c ****   HAL_DACEx_ErrorCallbackCh2(hdac); 
 1161              		.loc 1 1139 3 is_stmt 1 view .LVU339
 1162 000c 2046     		mov	r0, r4
 1163              	.LVL100:
 1164              		.loc 1 1139 3 is_stmt 0 view .LVU340
 1165 000e FFF7FEFF 		bl	HAL_DACEx_ErrorCallbackCh2
 1166              	.LVL101:
1140:Drivers/STM32F3xx_HAL_Driver/Src/stm32f3xx_hal_dac_ex.c **** #endif
1141:Drivers/STM32F3xx_HAL_Driver/Src/stm32f3xx_hal_dac_ex.c ****     
1142:Drivers/STM32F3xx_HAL_Driver/Src/stm32f3xx_hal_dac_ex.c ****   hdac->State= HAL_DAC_STATE_READY;
 1167              		.loc 1 1142 3 is_stmt 1 view .LVU341
 1168              		.loc 1 1142 14 is_stmt 0 view .LVU342
 1169 0012 0123     		movs	r3, #1
 1170 0014 2371     		strb	r3, [r4, #4]
1143:Drivers/STM32F3xx_HAL_Driver/Src/stm32f3xx_hal_dac_ex.c **** }
 1171              		.loc 1 1143 1 view .LVU343
 1172 0016 10BD     		pop	{r4, pc}
 1173              		.loc 1 1143 1 view .LVU344
 1174              		.cfi_endproc
 1175              	.LFE142:
 1177              		.section	.text.HAL_DACEx_DMAUnderrunCallbackCh2,"ax",%progbits
 1178              		.align	1
 1179              		.weak	HAL_DACEx_DMAUnderrunCallbackCh2
 1180              		.syntax unified
 1181              		.thumb
 1182              		.thumb_func
 1184              	HAL_DACEx_DMAUnderrunCallbackCh2:
 1185              	.LVL102:
 1186              	.LFB136:
1004:Drivers/STM32F3xx_HAL_Driver/Src/stm32f3xx_hal_dac_ex.c ****   /* Prevent unused argument(s) compilation warning */
 1187              		.loc 1 1004 1 is_stmt 1 view -0
 1188              		.cfi_startproc
 1189              		@ args = 0, pretend = 0, frame = 0
 1190              		@ frame_needed = 0, uses_anonymous_args = 0
 1191              		@ link register save eliminated.
1006:Drivers/STM32F3xx_HAL_Driver/Src/stm32f3xx_hal_dac_ex.c **** 
 1192              		.loc 1 1006 3 view .LVU346
1011:Drivers/STM32F3xx_HAL_Driver/Src/stm32f3xx_hal_dac_ex.c **** #endif /* STM32F303xE || STM32F398xx                || */
 1193              		.loc 1 1011 1 is_stmt 0 view .LVU347
 1194 0000 7047     		bx	lr
 1195              		.cfi_endproc
 1196              	.LFE136:
 1198              		.section	.text.HAL_DAC_IRQHandler,"ax",%progbits
 1199              		.align	1
 1200              		.global	HAL_DAC_IRQHandler
 1201              		.syntax unified
 1202              		.thumb
 1203              		.thumb_func
 1205              	HAL_DAC_IRQHandler:
 1206              	.LVL103:
 1207              	.LFB129:
 660:Drivers/STM32F3xx_HAL_Driver/Src/stm32f3xx_hal_dac_ex.c ****   if(__HAL_DAC_GET_IT_SOURCE(hdac, DAC_IT_DMAUDR1))
 1208              		.loc 1 660 1 is_stmt 1 view -0
 1209              		.cfi_startproc
 1210              		@ args = 0, pretend = 0, frame = 0
 1211              		@ frame_needed = 0, uses_anonymous_args = 0
ARM GAS  C:\Users\SHUCHE~1\AppData\Local\Temp\ccVBdqL7.s 			page 47


 660:Drivers/STM32F3xx_HAL_Driver/Src/stm32f3xx_hal_dac_ex.c ****   if(__HAL_DAC_GET_IT_SOURCE(hdac, DAC_IT_DMAUDR1))
 1212              		.loc 1 660 1 is_stmt 0 view .LVU349
 1213 0000 10B5     		push	{r4, lr}
 1214              	.LCFI21:
 1215              		.cfi_def_cfa_offset 8
 1216              		.cfi_offset 4, -8
 1217              		.cfi_offset 14, -4
 1218 0002 0446     		mov	r4, r0
 661:Drivers/STM32F3xx_HAL_Driver/Src/stm32f3xx_hal_dac_ex.c ****   { 
 1219              		.loc 1 661 3 is_stmt 1 view .LVU350
 661:Drivers/STM32F3xx_HAL_Driver/Src/stm32f3xx_hal_dac_ex.c ****   { 
 1220              		.loc 1 661 6 is_stmt 0 view .LVU351
 1221 0004 0368     		ldr	r3, [r0]
 1222 0006 1A68     		ldr	r2, [r3]
 661:Drivers/STM32F3xx_HAL_Driver/Src/stm32f3xx_hal_dac_ex.c ****   { 
 1223              		.loc 1 661 5 view .LVU352
 1224 0008 12F4005F 		tst	r2, #8192
 1225 000c 03D0     		beq	.L81
 664:Drivers/STM32F3xx_HAL_Driver/Src/stm32f3xx_hal_dac_ex.c ****     {
 1226              		.loc 1 664 5 is_stmt 1 view .LVU353
 664:Drivers/STM32F3xx_HAL_Driver/Src/stm32f3xx_hal_dac_ex.c ****     {
 1227              		.loc 1 664 8 is_stmt 0 view .LVU354
 1228 000e 5A6B     		ldr	r2, [r3, #52]
 664:Drivers/STM32F3xx_HAL_Driver/Src/stm32f3xx_hal_dac_ex.c ****     {
 1229              		.loc 1 664 7 view .LVU355
 1230 0010 12F4005F 		tst	r2, #8192
 1231 0014 09D1     		bne	.L84
 1232              	.LVL104:
 1233              	.L81:
 687:Drivers/STM32F3xx_HAL_Driver/Src/stm32f3xx_hal_dac_ex.c ****   {
 1234              		.loc 1 687 3 is_stmt 1 view .LVU356
 687:Drivers/STM32F3xx_HAL_Driver/Src/stm32f3xx_hal_dac_ex.c ****   {
 1235              		.loc 1 687 6 is_stmt 0 view .LVU357
 1236 0016 2368     		ldr	r3, [r4]
 1237 0018 1A68     		ldr	r2, [r3]
 687:Drivers/STM32F3xx_HAL_Driver/Src/stm32f3xx_hal_dac_ex.c ****   {
 1238              		.loc 1 687 5 view .LVU358
 1239 001a 12F0005F 		tst	r2, #536870912
 1240 001e 03D0     		beq	.L80
 690:Drivers/STM32F3xx_HAL_Driver/Src/stm32f3xx_hal_dac_ex.c ****     {
 1241              		.loc 1 690 5 is_stmt 1 view .LVU359
 690:Drivers/STM32F3xx_HAL_Driver/Src/stm32f3xx_hal_dac_ex.c ****     {
 1242              		.loc 1 690 9 is_stmt 0 view .LVU360
 1243 0020 5A6B     		ldr	r2, [r3, #52]
 690:Drivers/STM32F3xx_HAL_Driver/Src/stm32f3xx_hal_dac_ex.c ****     {
 1244              		.loc 1 690 8 view .LVU361
 1245 0022 12F0005F 		tst	r2, #536870912
 1246 0026 11D1     		bne	.L85
 1247              	.L80:
 712:Drivers/STM32F3xx_HAL_Driver/Src/stm32f3xx_hal_dac_ex.c **** #endif /* STM32F303xE || STM32F398xx                || */
 1248              		.loc 1 712 1 view .LVU362
 1249 0028 10BD     		pop	{r4, pc}
 1250              	.LVL105:
 1251              	.L84:
 667:Drivers/STM32F3xx_HAL_Driver/Src/stm32f3xx_hal_dac_ex.c ****     
 1252              		.loc 1 667 7 is_stmt 1 view .LVU363
 667:Drivers/STM32F3xx_HAL_Driver/Src/stm32f3xx_hal_dac_ex.c ****     
ARM GAS  C:\Users\SHUCHE~1\AppData\Local\Temp\ccVBdqL7.s 			page 48


 1253              		.loc 1 667 19 is_stmt 0 view .LVU364
 1254 002a 0422     		movs	r2, #4
 1255 002c 0271     		strb	r2, [r0, #4]
 670:Drivers/STM32F3xx_HAL_Driver/Src/stm32f3xx_hal_dac_ex.c ****           
 1256              		.loc 1 670 7 is_stmt 1 view .LVU365
 1257 002e 0269     		ldr	r2, [r0, #16]
 1258 0030 42F00102 		orr	r2, r2, #1
 1259 0034 0261     		str	r2, [r0, #16]
 673:Drivers/STM32F3xx_HAL_Driver/Src/stm32f3xx_hal_dac_ex.c ****     
 1260              		.loc 1 673 7 view .LVU366
 1261 0036 4FF40052 		mov	r2, #8192
 1262 003a 5A63     		str	r2, [r3, #52]
 676:Drivers/STM32F3xx_HAL_Driver/Src/stm32f3xx_hal_dac_ex.c ****     
 1263              		.loc 1 676 7 view .LVU367
 1264 003c 0268     		ldr	r2, [r0]
 1265 003e 1368     		ldr	r3, [r2]
 1266 0040 23F48053 		bic	r3, r3, #4096
 1267 0044 1360     		str	r3, [r2]
 682:Drivers/STM32F3xx_HAL_Driver/Src/stm32f3xx_hal_dac_ex.c **** #endif
 1268              		.loc 1 682 7 view .LVU368
 1269 0046 FFF7FEFF 		bl	HAL_DAC_DMAUnderrunCallbackCh1
 1270              	.LVL106:
 682:Drivers/STM32F3xx_HAL_Driver/Src/stm32f3xx_hal_dac_ex.c **** #endif
 1271              		.loc 1 682 7 is_stmt 0 view .LVU369
 1272 004a E4E7     		b	.L81
 1273              	.L85:
 693:Drivers/STM32F3xx_HAL_Driver/Src/stm32f3xx_hal_dac_ex.c ****     
 1274              		.loc 1 693 7 is_stmt 1 view .LVU370
 693:Drivers/STM32F3xx_HAL_Driver/Src/stm32f3xx_hal_dac_ex.c ****     
 1275              		.loc 1 693 19 is_stmt 0 view .LVU371
 1276 004c 0422     		movs	r2, #4
 1277 004e 2271     		strb	r2, [r4, #4]
 696:Drivers/STM32F3xx_HAL_Driver/Src/stm32f3xx_hal_dac_ex.c ****     
 1278              		.loc 1 696 7 is_stmt 1 view .LVU372
 1279 0050 2269     		ldr	r2, [r4, #16]
 1280 0052 42F00202 		orr	r2, r2, #2
 1281 0056 2261     		str	r2, [r4, #16]
 699:Drivers/STM32F3xx_HAL_Driver/Src/stm32f3xx_hal_dac_ex.c ****     
 1282              		.loc 1 699 7 view .LVU373
 1283 0058 4FF00052 		mov	r2, #536870912
 1284 005c 5A63     		str	r2, [r3, #52]
 702:Drivers/STM32F3xx_HAL_Driver/Src/stm32f3xx_hal_dac_ex.c ****    
 1285              		.loc 1 702 7 view .LVU374
 1286 005e 2268     		ldr	r2, [r4]
 1287 0060 1368     		ldr	r3, [r2]
 1288 0062 23F08053 		bic	r3, r3, #268435456
 1289 0066 1360     		str	r3, [r2]
 708:Drivers/STM32F3xx_HAL_Driver/Src/stm32f3xx_hal_dac_ex.c **** #endif
 1290              		.loc 1 708 7 view .LVU375
 1291 0068 2046     		mov	r0, r4
 1292 006a FFF7FEFF 		bl	HAL_DACEx_DMAUnderrunCallbackCh2
 1293              	.LVL107:
 712:Drivers/STM32F3xx_HAL_Driver/Src/stm32f3xx_hal_dac_ex.c **** #endif /* STM32F303xE || STM32F398xx                || */
 1294              		.loc 1 712 1 is_stmt 0 view .LVU376
 1295 006e DBE7     		b	.L80
 1296              		.cfi_endproc
 1297              	.LFE129:
ARM GAS  C:\Users\SHUCHE~1\AppData\Local\Temp\ccVBdqL7.s 			page 49


 1299              		.text
 1300              	.Letext0:
 1301              		.file 2 "e:\\programfile\\msys2\\mingw64\\arm-none-eabi\\include\\machine\\_default_types.h"
 1302              		.file 3 "e:\\programfile\\msys2\\mingw64\\arm-none-eabi\\include\\sys\\_stdint.h"
 1303              		.file 4 "Drivers/CMSIS/Device/ST/STM32F3xx/Include/stm32f334x8.h"
 1304              		.file 5 "Drivers/STM32F3xx_HAL_Driver/Inc/stm32f3xx_hal_def.h"
 1305              		.file 6 "Drivers/STM32F3xx_HAL_Driver/Inc/stm32f3xx_hal_dma.h"
 1306              		.file 7 "Drivers/STM32F3xx_HAL_Driver/Inc/stm32f3xx_hal_dac.h"
ARM GAS  C:\Users\SHUCHE~1\AppData\Local\Temp\ccVBdqL7.s 			page 50


DEFINED SYMBOLS
                            *ABS*:00000000 stm32f3xx_hal_dac_ex.c
C:\Users\SHUCHE~1\AppData\Local\Temp\ccVBdqL7.s:21     .text.DAC_DMAErrorCh1:00000000 $t
C:\Users\SHUCHE~1\AppData\Local\Temp\ccVBdqL7.s:26     .text.DAC_DMAErrorCh1:00000000 DAC_DMAErrorCh1
C:\Users\SHUCHE~1\AppData\Local\Temp\ccVBdqL7.s:66     .text.DAC_DMAHalfConvCpltCh1:00000000 $t
C:\Users\SHUCHE~1\AppData\Local\Temp\ccVBdqL7.s:71     .text.DAC_DMAHalfConvCpltCh1:00000000 DAC_DMAHalfConvCpltCh1
C:\Users\SHUCHE~1\AppData\Local\Temp\ccVBdqL7.s:98     .text.DAC_DMAConvCpltCh1:00000000 $t
C:\Users\SHUCHE~1\AppData\Local\Temp\ccVBdqL7.s:103    .text.DAC_DMAConvCpltCh1:00000000 DAC_DMAConvCpltCh1
C:\Users\SHUCHE~1\AppData\Local\Temp\ccVBdqL7.s:137    .text.HAL_DAC_SetValue:00000000 $t
C:\Users\SHUCHE~1\AppData\Local\Temp\ccVBdqL7.s:143    .text.HAL_DAC_SetValue:00000000 HAL_DAC_SetValue
C:\Users\SHUCHE~1\AppData\Local\Temp\ccVBdqL7.s:223    .text.HAL_DACEx_DualSetValue:00000000 $t
C:\Users\SHUCHE~1\AppData\Local\Temp\ccVBdqL7.s:229    .text.HAL_DACEx_DualSetValue:00000000 HAL_DACEx_DualSetValue
C:\Users\SHUCHE~1\AppData\Local\Temp\ccVBdqL7.s:279    .text.HAL_DAC_Start:00000000 $t
C:\Users\SHUCHE~1\AppData\Local\Temp\ccVBdqL7.s:285    .text.HAL_DAC_Start:00000000 HAL_DAC_Start
C:\Users\SHUCHE~1\AppData\Local\Temp\ccVBdqL7.s:393    .text.HAL_DAC_Start_DMA:00000000 $t
C:\Users\SHUCHE~1\AppData\Local\Temp\ccVBdqL7.s:399    .text.HAL_DAC_Start_DMA:00000000 HAL_DAC_Start_DMA
C:\Users\SHUCHE~1\AppData\Local\Temp\ccVBdqL7.s:618    .text.HAL_DAC_Start_DMA:000000d0 $d
C:\Users\SHUCHE~1\AppData\Local\Temp\ccVBdqL7.s:1025   .text.DAC_DMAConvCpltCh2:00000000 DAC_DMAConvCpltCh2
C:\Users\SHUCHE~1\AppData\Local\Temp\ccVBdqL7.s:1085   .text.DAC_DMAHalfConvCpltCh2:00000000 DAC_DMAHalfConvCpltCh2
C:\Users\SHUCHE~1\AppData\Local\Temp\ccVBdqL7.s:1138   .text.DAC_DMAErrorCh2:00000000 DAC_DMAErrorCh2
C:\Users\SHUCHE~1\AppData\Local\Temp\ccVBdqL7.s:628    .text.HAL_DAC_GetValue:00000000 $t
C:\Users\SHUCHE~1\AppData\Local\Temp\ccVBdqL7.s:634    .text.HAL_DAC_GetValue:00000000 HAL_DAC_GetValue
C:\Users\SHUCHE~1\AppData\Local\Temp\ccVBdqL7.s:668    .text.HAL_DACEx_DualGetValue:00000000 $t
C:\Users\SHUCHE~1\AppData\Local\Temp\ccVBdqL7.s:674    .text.HAL_DACEx_DualGetValue:00000000 HAL_DACEx_DualGetValue
C:\Users\SHUCHE~1\AppData\Local\Temp\ccVBdqL7.s:703    .text.HAL_DAC_ConfigChannel:00000000 $t
C:\Users\SHUCHE~1\AppData\Local\Temp\ccVBdqL7.s:709    .text.HAL_DAC_ConfigChannel:00000000 HAL_DAC_ConfigChannel
C:\Users\SHUCHE~1\AppData\Local\Temp\ccVBdqL7.s:844    .text.HAL_DAC_ConfigChannel:00000074 $d
C:\Users\SHUCHE~1\AppData\Local\Temp\ccVBdqL7.s:849    .text.HAL_DACEx_TriangleWaveGenerate:00000000 $t
C:\Users\SHUCHE~1\AppData\Local\Temp\ccVBdqL7.s:855    .text.HAL_DACEx_TriangleWaveGenerate:00000000 HAL_DACEx_TriangleWaveGenerate
C:\Users\SHUCHE~1\AppData\Local\Temp\ccVBdqL7.s:924    .text.HAL_DACEx_NoiseWaveGenerate:00000000 $t
C:\Users\SHUCHE~1\AppData\Local\Temp\ccVBdqL7.s:930    .text.HAL_DACEx_NoiseWaveGenerate:00000000 HAL_DACEx_NoiseWaveGenerate
C:\Users\SHUCHE~1\AppData\Local\Temp\ccVBdqL7.s:999    .text.HAL_DACEx_ConvCpltCallbackCh2:00000000 $t
C:\Users\SHUCHE~1\AppData\Local\Temp\ccVBdqL7.s:1005   .text.HAL_DACEx_ConvCpltCallbackCh2:00000000 HAL_DACEx_ConvCpltCallbackCh2
C:\Users\SHUCHE~1\AppData\Local\Temp\ccVBdqL7.s:1020   .text.DAC_DMAConvCpltCh2:00000000 $t
C:\Users\SHUCHE~1\AppData\Local\Temp\ccVBdqL7.s:1059   .text.HAL_DACEx_ConvHalfCpltCallbackCh2:00000000 $t
C:\Users\SHUCHE~1\AppData\Local\Temp\ccVBdqL7.s:1065   .text.HAL_DACEx_ConvHalfCpltCallbackCh2:00000000 HAL_DACEx_ConvHalfCpltCallbackCh2
C:\Users\SHUCHE~1\AppData\Local\Temp\ccVBdqL7.s:1080   .text.DAC_DMAHalfConvCpltCh2:00000000 $t
C:\Users\SHUCHE~1\AppData\Local\Temp\ccVBdqL7.s:1112   .text.HAL_DACEx_ErrorCallbackCh2:00000000 $t
C:\Users\SHUCHE~1\AppData\Local\Temp\ccVBdqL7.s:1118   .text.HAL_DACEx_ErrorCallbackCh2:00000000 HAL_DACEx_ErrorCallbackCh2
C:\Users\SHUCHE~1\AppData\Local\Temp\ccVBdqL7.s:1133   .text.DAC_DMAErrorCh2:00000000 $t
C:\Users\SHUCHE~1\AppData\Local\Temp\ccVBdqL7.s:1178   .text.HAL_DACEx_DMAUnderrunCallbackCh2:00000000 $t
C:\Users\SHUCHE~1\AppData\Local\Temp\ccVBdqL7.s:1184   .text.HAL_DACEx_DMAUnderrunCallbackCh2:00000000 HAL_DACEx_DMAUnderrunCallbackCh2
C:\Users\SHUCHE~1\AppData\Local\Temp\ccVBdqL7.s:1199   .text.HAL_DAC_IRQHandler:00000000 $t
C:\Users\SHUCHE~1\AppData\Local\Temp\ccVBdqL7.s:1205   .text.HAL_DAC_IRQHandler:00000000 HAL_DAC_IRQHandler

UNDEFINED SYMBOLS
HAL_DAC_ErrorCallbackCh1
HAL_DAC_ConvHalfCpltCallbackCh1
HAL_DAC_ConvCpltCallbackCh1
HAL_DMA_Start_IT
HAL_DAC_DMAUnderrunCallbackCh1
